,Player,Pos,Age,Tm,G,FG%,3P%,2P%,FT%,ORB,DRB,AST,STL,BLK,PTS
0,Precious Achiuwa,C,22,TOR,73,0.439,0.359,0.468,0.595,2.0,4.5,1.1,0.5,0.6,9.1
1,Steven Adams,C,28,MEM,76,0.547,0.0,0.548,0.543,4.6,5.4,3.4,0.9,0.8,6.9
2,Bam Adebayo,C,24,MIA,56,0.557,0.0,0.562,0.753,2.4,7.6,3.4,1.4,0.8,19.1
3,Santi Aldama,PF,21,MEM,32,0.402,0.125,0.56,0.625,1.0,1.7,0.7,0.2,0.3,4.1
4,LaMarcus Aldridge,C,36,BRK,47,0.55,0.304,0.578,0.873,1.6,3.9,0.9,0.3,1.0,12.9
5,Nickeil Alexander-Walker,SG,23,TOT,65,0.372,0.311,0.433,0.743,0.6,2.3,2.4,0.7,0.4,10.6
8,Grayson Allen,SG,26,MIL,66,0.448,0.409,0.533,0.865,0.5,2.9,1.5,0.7,0.3,11.1
9,Jarrett Allen,C,23,CLE,56,0.677,0.1,0.688,0.708,3.4,7.3,1.6,0.8,1.3,16.1
10,Jose Alvarado,PG,23,NOP,54,0.446,0.291,0.538,0.679,0.5,1.4,2.8,1.3,0.1,6.1
11,Justin Anderson,SF,28,TOT,16,0.379,0.254,0.583,0.789,0.3,2.6,2.1,0.5,0.4,6.4
14,Kyle Anderson,PF,28,MEM,69,0.446,0.33,0.481,0.638,1.0,4.3,2.7,1.1,0.7,7.6
15,Giannis Antetokounmpo,PF,27,MIL,67,0.553,0.293,0.616,0.722,2.0,9.6,5.8,1.1,1.4,29.9
16,Thanasis Antetokounmpo,SF,29,MIL,48,0.547,0.143,0.596,0.63,0.8,1.3,0.5,0.3,0.3,3.6
17,Carmelo Anthony,PF,37,LAL,69,0.441,0.375,0.521,0.83,0.9,3.3,1.0,0.7,0.8,13.3
18,Cole Anthony,PG,21,ORL,65,0.391,0.338,0.432,0.854,0.5,4.9,5.7,0.7,0.3,16.3
19,OG Anunoby,SF,24,TOR,48,0.443,0.363,0.511,0.754,1.5,4.0,2.6,1.5,0.5,17.1
20,Ryan Arcidiacono,PG,27,NYK,10,0.5,0.444,0.667,0.0,0.0,0.8,0.4,0.1,0.0,1.6
21,Trevor Ariza,SF,36,LAL,24,0.333,0.27,0.52,0.556,0.4,3.0,1.1,0.5,0.3,4.0
22,D.J. Augustin,PG,34,TOT,55,0.423,0.415,0.448,0.884,0.2,1.0,1.9,0.3,0.0,5.3
25,Deni Avdija,SF,21,WAS,82,0.432,0.317,0.525,0.757,0.6,4.5,2.0,0.7,0.5,8.4
26,Joel Ayayi,SG,21,WAS,7,0.167,0.0,0.2,0.0,0.1,0.3,0.6,0.0,0.0,0.3
27,Deandre Ayton,C,23,PHO,58,0.634,0.368,0.642,0.746,2.6,7.7,1.4,0.7,0.7,17.2
28,Udoka Azubuike,C,22,UTA,17,0.755,0.0,0.755,0.545,1.1,3.1,0.0,0.1,0.6,4.7
29,Marvin Bagley III,PF,22,TOT,48,0.504,0.237,0.579,0.663,2.2,4.9,0.8,0.5,0.4,11.3
32,LaMelo Ball,PG,20,CHO,75,0.429,0.389,0.462,0.872,1.4,5.2,7.6,1.6,0.4,20.1
33,Lonzo Ball,PG,24,CHI,35,0.423,0.423,0.423,0.75,1.0,4.4,5.1,1.8,0.9,13.0
34,Mo Bamba,C,23,ORL,71,0.48,0.381,0.563,0.781,2.1,6.0,1.2,0.5,1.7,10.6
35,Desmond Bane,SF,23,MEM,76,0.461,0.436,0.484,0.903,0.6,3.8,2.7,1.2,0.4,18.2
36,Dalano Banton,SF,22,TOR,64,0.411,0.255,0.464,0.591,0.6,1.3,1.5,0.4,0.2,3.2
37,Cat Barber,PG,27,ATL,3,0.0,0.0,0.0,0.0,0.3,0.7,1.0,0.0,0.0,0.0
38,Harrison Barnes,PF,29,SAC,77,0.469,0.394,0.525,0.826,1.1,4.5,2.4,0.7,0.2,16.4
39,Scottie Barnes,PF,20,TOR,74,0.492,0.301,0.543,0.735,2.6,4.9,3.5,1.1,0.7,15.3
40,RJ Barrett,SF,21,NYK,70,0.408,0.342,0.442,0.714,0.9,4.9,3.0,0.6,0.2,20.0
41,Will Barton,SG,31,DEN,71,0.438,0.365,0.504,0.803,0.6,4.2,3.9,0.8,0.4,14.7
42,Paris Bass,SF,26,PHO,2,0.333,0.0,0.5,1.0,1.0,1.0,0.0,0.5,0.0,3.0
43,Charles Bassey,PF,21,PHI,23,0.638,0.0,0.698,0.75,1.0,1.7,0.3,0.2,0.7,3.0
44,Keita Bates-Diop,SF,26,SAS,59,0.517,0.309,0.572,0.754,1.1,2.9,0.7,0.5,0.2,5.7
45,Nicolas Batum,PF,33,LAC,59,0.463,0.4,0.607,0.658,0.5,3.8,1.7,1.0,0.7,8.3
46,Kent Bazemore,SF,32,LAL,39,0.324,0.363,0.271,0.765,0.3,1.4,0.9,0.6,0.2,3.4
47,Darius Bazley,PF,21,OKC,69,0.422,0.297,0.511,0.688,1.0,5.3,1.4,0.8,1.0,10.8
48,Bradley Beal,SG,28,WAS,40,0.451,0.3,0.508,0.833,1.0,3.8,6.6,0.9,0.4,23.2
49,Malik Beasley,SG,25,MIN,79,0.391,0.377,0.432,0.817,0.3,2.5,1.5,0.5,0.2,12.1
50,Jordan Bell,C,27,CHI,1,0.0,0.0,0.0,0.0,1.0,0.0,0.0,1.0,0.0,0.0
51,DeAndre' Bembry,SF,27,TOT,56,0.561,0.417,0.589,0.6,0.8,2.2,1.2,0.9,0.4,5.1
54,D?vis Bert?ns,PF,29,TOT,56,0.36,0.335,0.489,0.9,0.2,1.9,0.6,0.3,0.2,5.6
57,Patrick Beverley,PG,33,MIN,58,0.406,0.343,0.485,0.722,1.1,3.1,4.6,1.2,0.9,9.2
58,Saddiq Bey,SF,22,DET,82,0.396,0.346,0.454,0.827,1.3,4.1,2.8,0.9,0.2,16.1
59,Khem Birch,C,29,TOR,55,0.485,0.0,0.522,0.746,2.2,2.1,1.0,0.5,0.5,4.5
60,Goga Bitadze,C,22,IND,50,0.52,0.288,0.628,0.681,1.6,2.0,1.1,0.4,0.8,7.0
61,Bismack Biyombo,C,29,PHO,36,0.593,0.0,0.593,0.535,1.8,2.9,0.6,0.3,0.7,5.8
62,Nemanja Bjelica,C,33,GSW,71,0.468,0.362,0.549,0.728,0.9,3.3,2.2,0.6,0.4,6.1
63,Eric Bledsoe,PG,32,LAC,54,0.421,0.313,0.479,0.761,0.5,2.9,4.2,1.3,0.4,9.9
64,Keljin Blevins,SF,26,POR,31,0.306,0.292,0.333,0.545,0.5,0.9,0.6,0.4,0.0,3.1
65,Bogdan Bogdanovi?,SG,29,ATL,63,0.431,0.368,0.516,0.843,0.5,3.5,3.1,1.1,0.2,15.1
66,Bojan Bogdanovi?,PF,32,UTA,69,0.455,0.387,0.524,0.858,0.8,3.4,1.7,0.5,0.0,18.1
67,Bol Bol,PF,22,DEN,14,0.556,0.25,0.609,0.4,0.3,1.1,0.4,0.1,0.1,2.4
68,Leandro Bolmaro,SF,21,MIN,35,0.315,0.278,0.333,0.846,0.5,0.8,0.6,0.2,0.0,1.4
69,Isaac Bonga,SF,22,TOR,15,0.231,0.25,0.222,0.625,0.3,0.2,0.3,0.5,0.1,0.8
70,Devin Booker,SG,25,PHO,68,0.466,0.383,0.508,0.868,0.7,4.4,4.8,1.1,0.4,26.8
71,Brandon Boston Jr.,SG,20,LAC,51,0.385,0.306,0.425,0.819,0.3,1.8,1.0,0.5,0.3,6.7
72,Chris Boucher,PF,29,TOR,80,0.464,0.297,0.575,0.777,2.2,3.9,0.3,0.6,0.9,9.4
73,James Bouknight,SG,21,CHO,31,0.348,0.347,0.348,0.871,0.7,1.0,0.8,0.2,0.0,4.6
74,Avery Bradley,SG,31,LAL,62,0.423,0.39,0.471,0.889,0.5,1.7,0.8,0.9,0.1,6.4
75,Tony Bradley,C,24,CHI,55,0.585,0.0,0.585,0.655,1.2,2.2,0.5,0.2,0.6,3.0
76,Ignas Brazdeikis,SF,23,ORL,42,0.431,0.31,0.535,0.656,0.5,1.2,0.9,0.2,0.1,5.0
77,Mikal Bridges,SF,25,PHO,82,0.534,0.369,0.628,0.834,0.9,3.3,2.3,1.2,0.4,14.2
78,Miles Bridges,PF,23,CHO,80,0.491,0.331,0.59,0.802,1.1,5.9,3.8,0.9,0.8,20.2
79,Oshae Brissett,SF,23,IND,67,0.411,0.35,0.465,0.695,1.6,3.7,1.1,0.7,0.4,9.1
80,Malcolm Brogdon,PG,29,IND,36,0.448,0.312,0.518,0.856,0.9,4.2,5.9,0.8,0.4,19.1
81,Armoni Brooks,SG-PG,23,TOT,54,0.339,0.297,0.6,0.857,0.4,1.5,1.1,0.5,0.2,5.3
84,Dillon Brooks,SF,26,MEM,32,0.432,0.309,0.48,0.849,0.9,2.3,2.8,1.1,0.3,18.4
85,Bruce Brown,SF,25,BRK,72,0.506,0.404,0.529,0.758,1.4,3.4,2.1,1.1,0.7,9.0
86,Charlie Brown Jr.,SG,24,TOT,22,0.256,0.083,0.333,0.9,0.6,0.8,0.3,0.5,0.2,1.4
89,Chaundee Brown Jr.,SG-SF,23,TOT,5,0.313,0.333,0.286,0.833,0.2,3.0,0.8,0.4,0.0,6.2
92,Greg Brown III,SF,20,POR,48,0.426,0.311,0.481,0.677,0.8,2.0,0.7,0.5,0.5,4.7
93,Jaylen Brown,SF,25,BOS,66,0.473,0.358,0.544,0.758,0.8,5.3,3.5,1.1,0.3,23.6
94,Moses Brown,C,22,TOT,40,0.593,0.0,0.593,0.597,1.0,2.4,0.0,0.2,0.4,4.3
97,Sterling Brown,SG,26,DAL,49,0.381,0.304,0.492,0.933,0.5,2.5,0.7,0.3,0.1,3.3
98,Troy Brown Jr.,SF,22,CHI,66,0.419,0.353,0.488,0.769,0.6,2.5,1.0,0.5,0.1,4.3
99,Jalen Brunson,PG,25,DAL,79,0.502,0.373,0.545,0.84,0.5,3.4,4.8,0.8,0.0,16.3
100,Thomas Bryant,C,24,WAS,27,0.52,0.286,0.613,0.875,1.0,3.0,0.9,0.2,0.8,7.4
101,Shaq Buchanan,PG,25,MEM,2,0.25,0.0,0.5,0.0,0.5,0.5,1.0,0.5,0.0,1.0
102,Reggie Bullock,SF,30,DAL,68,0.401,0.36,0.55,0.833,0.5,3.1,1.2,0.6,0.2,8.6
103,Trey Burke,PG,29,DAL,42,0.391,0.317,0.436,0.87,0.1,0.7,1.4,0.3,0.0,5.1
104,Alec Burks,SG,30,NYK,81,0.391,0.404,0.378,0.822,0.6,4.3,3.0,1.0,0.3,11.7
105,Jared Butler,SG,21,UTA,42,0.404,0.318,0.524,0.688,0.1,1.0,1.5,0.4,0.2,3.8
106,Jimmy Butler,SF,32,MIA,57,0.48,0.233,0.52,0.87,1.8,4.1,5.5,1.6,0.5,21.4
107,Devontae Cacok,PF,25,SAS,15,0.677,0.0,0.677,0.571,0.5,2.3,0.4,0.5,0.5,3.1
108,Kentavious Caldwell-Pope,SG,28,WAS,77,0.435,0.39,0.48,0.89,0.5,2.9,1.9,1.1,0.3,13.2
109,Facundo Campazzo,PG,30,DEN,65,0.361,0.301,0.476,0.769,0.4,1.4,3.4,1.0,0.4,5.1
110,Vlatko ?an?ar,PF,24,DEN,15,0.561,0.583,0.552,0.643,0.5,1.5,1.1,0.1,0.2,4.1
111,Devin Cannady,PG,25,ORL,5,0.341,0.405,0.0,0.714,0.2,1.0,2.0,1.0,0.6,10.0
112,Clint Capela,C,27,ATL,74,0.613,0.0,0.614,0.473,3.8,8.1,1.2,0.7,1.3,11.1
113,Vernon Carey Jr.,C,20,TOT,7,0.538,0.0,0.538,0.462,1.1,0.6,0.0,0.3,0.1,2.9
116,Jevon Carter,PG,26,TOT,66,0.387,0.388,0.386,0.833,0.2,1.5,1.5,0.4,0.2,4.2
119,Wendell Carter Jr.,C,22,ORL,62,0.525,0.327,0.615,0.691,2.2,8.2,2.8,0.6,0.7,15.0
120,Alex Caruso,SG,27,CHI,41,0.398,0.333,0.462,0.795,0.8,2.8,4.0,1.7,0.4,7.4
121,Willie Cauley-Stein,C,28,TOT,20,0.457,0.5,0.455,0.5,0.7,1.4,0.5,0.3,0.2,1.7
124,Ahmad Caver,PG,25,IND,1,1.0,0.0,1.0,0.0,0.0,0.0,0.0,0.0,0.0,2.0
125,Justin Champagnie,SF,20,TOR,36,0.463,0.357,0.538,1.0,1.0,1.0,0.3,0.2,0.1,2.3
126,Zylan Cheatham,SF,26,UTA,1,0.0,0.0,0.0,0.0,0.0,0.0,0.0,0.0,0.0,0.0
127,Chris Chiozza,PG,26,GSW,34,0.296,0.321,0.25,0.667,0.3,0.8,1.9,0.4,0.0,2.0
128,Marquese Chriss,PF,24,DAL,34,0.463,0.32,0.495,0.667,1.0,2.1,0.5,0.4,0.4,4.5
129,Josh Christopher,SG,20,HOU,74,0.448,0.296,0.54,0.735,0.7,1.8,2.0,0.9,0.2,7.9
130,Gary Clark,PF,27,NOP,38,0.375,0.4,0.278,0.7,0.6,1.8,0.5,0.3,0.2,2.7
131,Brandon Clarke,PF,25,MEM,64,0.644,0.227,0.666,0.654,2.1,3.2,1.3,0.6,1.1,10.4
132,Jordan Clarkson,SG,29,UTA,79,0.419,0.318,0.535,0.828,0.8,2.6,2.5,0.8,0.2,16.0
133,Nic Claxton,C,22,BRK,47,0.674,0.0,0.674,0.581,1.9,3.7,0.9,0.5,1.1,8.7
134,Amir Coffey,SG,24,LAC,69,0.453,0.378,0.542,0.863,0.4,2.5,1.8,0.6,0.2,9.0
135,John Collins,PF,24,ATL,54,0.526,0.364,0.588,0.793,1.7,6.1,1.8,0.6,1.0,16.2
136,Zach Collins,PF,24,SAS,28,0.49,0.341,0.544,0.8,1.6,3.8,2.2,0.5,0.8,7.8
137,Darren Collison,PG,34,LAL,3,0.286,0.0,0.5,0.0,0.0,1.3,0.7,0.3,0.0,1.3
138,Mike Conley,PG,34,UTA,72,0.435,0.408,0.464,0.796,0.7,2.4,5.3,1.3,0.3,13.7
139,Pat Connaughton,SG,29,MIL,65,0.458,0.395,0.643,0.833,0.7,3.5,1.3,0.9,0.2,9.9
140,Tyler Cook,PF,24,CHI,20,0.605,0.0,0.605,0.656,0.8,1.9,0.2,0.2,0.2,3.4
141,Sharife Cooper,PG,20,ATL,13,0.214,0.167,0.25,0.0,0.0,0.4,0.4,0.0,0.0,0.5
142,Petr Cornelie,PF,26,DEN,13,0.333,0.125,0.571,0.75,0.5,0.5,0.2,0.1,0.1,1.1
143,DeMarcus Cousins,C,31,TOT,48,0.46,0.303,0.554,0.76,1.5,4.1,1.5,0.7,0.4,9.0
146,Robert Covington,PF-SF,31,TOT,71,0.42,0.378,0.509,0.841,0.8,4.7,1.3,1.5,1.3,8.5
149,Torrey Craig,SF,31,TOT,78,0.454,0.329,0.594,0.75,1.1,2.9,1.2,0.6,0.5,6.6
152,Jae Crowder,PF,31,PHO,67,0.399,0.348,0.503,0.789,0.4,4.8,1.9,1.4,0.4,9.4
153,Jarrett Culver,SG,22,MEM,37,0.378,0.255,0.443,0.471,0.4,0.9,0.9,0.5,0.1,3.5
154,Jarron Cumberland,SG,24,POR,3,0.5,0.0,1.0,0.0,0.3,0.7,0.3,0.0,0.0,0.7
155,Cade Cunningham,PG,20,DET,64,0.416,0.314,0.472,0.845,0.9,4.6,5.6,1.2,0.7,17.4
156,Seth Curry,SG,31,TOT,64,0.487,0.422,0.553,0.872,0.3,2.8,3.6,0.8,0.2,15.0
159,Stephen Curry,PG,33,GSW,64,0.437,0.38,0.527,0.923,0.5,4.7,6.3,1.3,0.4,25.5
160,Anthony Davis,C,28,LAL,40,0.532,0.186,0.571,0.713,2.7,7.2,3.1,1.2,2.3,23.2
161,Ed Davis,C,32,CLE,31,0.688,0.0,0.688,0.429,0.5,1.6,0.2,0.1,0.3,0.9
162,Terence Davis,SG,24,SAC,30,0.423,0.329,0.542,0.818,0.4,2.8,1.3,0.8,0.4,10.4
163,Gabriel Deck,PF,26,OKC,7,0.571,0.5,0.6,0.0,0.1,0.7,0.7,0.1,0.0,2.6
164,Dewayne Dedmon,C,32,MIA,67,0.566,0.404,0.597,0.75,1.6,4.2,0.7,0.4,0.6,6.3
165,Sam Dekker,PF,27,TOR,1,0.0,0.0,0.0,0.0,0.0,0.0,0.0,0.0,0.0,0.0
166,Javin DeLaurier,C,23,MIL,1,0.0,0.0,0.0,0.0,0.0,1.0,0.0,1.0,0.0,0.0
167,DeMar DeRozan,PF,32,CHI,76,0.504,0.352,0.52,0.877,0.7,4.4,4.9,0.9,0.3,27.9
168,Mamadi Diakite,PF,25,OKC,13,0.532,0.0,0.595,0.545,1.3,3.2,0.2,0.4,0.7,4.3
169,Cheick Diallo,C,25,DET,3,0.375,0.0,0.375,0.833,1.3,2.7,0.0,0.3,0.0,3.7
170,Hamidou Diallo,SG,23,DET,58,0.496,0.247,0.55,0.65,1.2,3.6,1.3,1.2,0.3,11.0
171,Gorgui Dieng,C,32,ATL,44,0.473,0.426,0.545,0.731,0.7,2.0,0.8,0.3,0.3,3.5
172,Spencer Dinwiddie,PG,28,TOT,67,0.416,0.339,0.479,0.774,0.7,3.5,5.2,0.7,0.2,13.7
175,Donte DiVincenzo,SG,25,TOT,42,0.351,0.339,0.373,0.843,1.0,3.1,2.8,1.1,0.2,9.0
178,Luka Don?i?,PG,22,DAL,65,0.457,0.353,0.528,0.744,0.9,8.3,8.7,1.2,0.6,28.4
179,Luguentz Dort,SF,22,OKC,51,0.404,0.332,0.487,0.843,0.7,3.4,1.7,0.9,0.4,17.2
180,Ayo Dosunmu,SG,22,CHI,77,0.52,0.376,0.596,0.679,0.4,2.4,3.3,0.8,0.4,8.8
181,Damyean Dotson,SG,27,NYK,2,0.5,0.0,0.667,0.0,0.0,1.0,0.5,0.0,0.0,2.0
182,Devon Dotson,PG,22,CHI,11,0.478,0.222,0.643,0.556,0.1,0.7,1.4,0.1,0.0,2.6
183,Sekou Doumbouya,PF,21,LAL,2,0.625,0.5,0.667,0.75,1.0,2.0,0.0,1.5,1.0,7.0
184,Jeff Dowtin,PG,24,TOT,9,0.308,0.111,0.412,1.0,0.9,1.1,1.1,0.6,0.1,2.1
188,PJ Dozier,SG,25,DEN,18,0.364,0.313,0.412,0.769,0.8,2.7,1.6,0.6,0.3,5.4
189,Goran Dragi?,PG,35,TOT,21,0.377,0.254,0.466,0.818,0.6,2.5,4.1,0.9,0.2,7.5
192,Andre Drummond,C,28,TOT,73,0.57,0.0,0.574,0.524,3.1,6.2,1.8,1.1,0.9,7.9
195,Chris Duarte,SG,24,IND,55,0.432,0.369,0.475,0.804,0.7,3.4,2.1,1.0,0.2,13.1
196,David Duke Jr.,PG,22,BRK,22,0.361,0.243,0.423,0.81,1.4,1.7,0.8,0.6,0.3,4.7
197,Kris Dunn,PG,27,POR,14,0.431,0.091,0.473,0.944,0.6,2.9,5.6,1.6,0.2,7.6
198,Kevin Durant,PF,33,BRK,55,0.518,0.383,0.568,0.91,0.5,6.9,6.4,0.9,0.9,29.9
199,Jaime Echenique,C,24,WAS,1,0.0,0.0,0.0,0.0,0.0,0.0,0.0,0.0,0.0,0.0
200,Anthony Edwards,SG,20,MIN,72,0.441,0.357,0.519,0.786,0.9,3.9,3.8,1.5,0.6,21.3
201,Carsen Edwards,SG,23,DET,4,0.3,0.25,0.357,1.0,0.5,1.0,3.5,0.5,0.0,5.8
202,Kessler Edwards,SF,21,BRK,48,0.412,0.353,0.473,0.842,0.9,2.7,0.6,0.6,0.5,5.9
203,Rob Edwards,SG,25,OKC,2,0.25,0.25,0.0,0.0,0.0,1.5,0.0,0.0,0.0,1.5
204,CJ Elleby,SF,21,POR,58,0.393,0.294,0.462,0.714,1.1,2.8,1.5,0.6,0.3,5.8
205,Wayne Ellington,SG,34,LAL,43,0.414,0.389,0.615,0.818,0.2,1.6,0.7,0.5,0.1,6.7
206,Joel Embiid,C,27,PHI,68,0.499,0.371,0.529,0.814,2.1,9.6,4.2,1.1,1.5,30.6
207,James Ennis III,SF,31,TOT,7,0.458,0.375,0.5,0.8,0.7,1.0,0.4,0.3,0.3,4.1
211,Drew Eubanks,C,24,TOT,71,0.596,0.217,0.621,0.762,1.8,3.5,1.2,0.4,0.6,7.7
214,Tacko Fall,C,26,CLE,11,0.417,0.0,0.417,0.286,0.6,1.5,0.2,0.0,0.5,1.1
215,Derrick Favors,C,30,OKC,39,0.516,0.125,0.554,0.64,1.5,3.2,0.6,0.4,0.3,5.3
216,Bruno Fernando,C,23,TOT,30,0.655,0.5,0.66,0.625,0.6,1.2,0.2,0.0,0.4,2.9
219,Dorian Finney-Smith,PF,28,DAL,80,0.471,0.395,0.599,0.675,1.5,3.2,1.9,1.1,0.5,11.0
220,Malik Fitts,PF,24,TOT,15,0.421,0.5,0.333,0.0,0.1,1.0,0.3,0.0,0.0,1.4
223,Malachi Flynn,PG,23,TOR,44,0.393,0.333,0.452,0.625,0.2,1.2,1.6,0.5,0.1,4.3
224,Bryn Forbes,SG,28,TOT,75,0.429,0.414,0.447,0.908,0.1,1.1,1.0,0.3,0.1,8.8
227,Aleem Ford,SF,24,ORL,5,0.3,0.133,0.8,0.0,0.4,2.6,0.4,0.2,0.0,2.8
228,Trent Forrest,PG,23,UTA,60,0.49,0.185,0.555,0.792,0.4,1.3,1.8,0.5,0.1,3.3
229,Evan Fournier,SG,29,NYK,80,0.417,0.389,0.465,0.708,0.4,2.2,2.1,1.0,0.3,14.1
230,De'Aaron Fox,PG,24,SAC,59,0.473,0.297,0.524,0.75,0.4,3.5,5.6,1.2,0.4,23.2
231,Melvin Frazier,SG,25,OKC,3,0.271,0.048,0.444,0.714,1.7,2.7,0.3,0.3,0.0,10.7
232,Tim Frazier,PG,31,TOT,12,0.311,0.353,0.286,0.556,0.4,1.2,2.8,0.3,0.1,3.3
235,Enes Freedom,C,29,BOS,35,0.526,0.4,0.533,0.857,1.7,2.8,0.2,0.1,0.4,3.7
236,Markelle Fultz,PG,23,ORL,18,0.474,0.235,0.5,0.806,0.2,2.5,5.5,1.1,0.3,10.8
237,Wenyen Gabriel,PF,24,TOT,26,0.491,0.286,0.561,0.595,1.5,2.2,0.5,0.2,0.4,5.4
241,Daniel Gafford,C,23,WAS,72,0.693,0.0,0.695,0.699,2.2,3.5,0.9,0.4,1.4,9.4
242,Danilo Gallinari,PF,33,ATL,66,0.434,0.381,0.485,0.904,0.5,4.1,1.5,0.4,0.2,11.7
243,Langston Galloway,SG,30,TOT,7,0.231,0.125,0.4,0.0,0.4,2.1,1.7,0.1,0.0,2.0
246,Darius Garland,PG,22,CLE,68,0.462,0.383,0.512,0.892,0.6,2.7,8.6,1.3,0.1,21.7
247,Marcus Garrett,SG,23,MIA,12,0.238,0.25,0.235,0.4,0.8,1.2,0.6,0.4,0.3,1.1
248,Usman Garuba,PF,19,HOU,24,0.432,0.25,0.583,0.714,0.9,2.6,0.7,0.4,0.5,2.0
249,Luka Garza,C,23,DET,32,0.449,0.327,0.51,0.623,1.8,1.3,0.6,0.3,0.2,5.8
250,Rudy Gay,PF,35,UTA,55,0.414,0.345,0.494,0.785,1.0,3.4,1.0,0.5,0.3,8.1
251,Paul George,SF,31,LAC,31,0.421,0.354,0.467,0.858,0.4,6.5,5.7,2.2,0.4,24.3
252,Taj Gibson,C,36,NYK,52,0.518,0.395,0.555,0.808,1.7,2.7,0.6,0.4,0.8,4.4
253,Josh Giddey,SG,19,OKC,54,0.419,0.263,0.492,0.709,1.8,6.0,6.4,0.9,0.4,12.5
254,Shai Gilgeous-Alexander,PG,23,OKC,56,0.453,0.3,0.514,0.81,0.7,4.3,5.9,1.3,0.8,24.5
255,Anthony Gill,PF,29,WAS,44,0.569,0.538,0.578,0.808,0.8,1.2,0.6,0.1,0.3,4.1
256,Freddie Gillespie,PF,24,ORL,9,0.409,0.0,0.429,0.429,1.4,2.6,0.6,0.3,1.0,2.3
257,Rudy Gobert,C,29,UTA,66,0.713,0.0,0.718,0.69,3.7,11.0,1.1,0.7,2.1,15.6
258,Brandon Goodwin,PG,26,CLE,36,0.416,0.345,0.455,0.632,0.4,1.5,2.5,0.7,0.0,4.8
259,Jordan Goodwin,SG,23,WAS,2,0.0,0.0,0.0,0.0,0.0,0.5,0.0,0.0,0.0,0.0
260,Aaron Gordon,PF,26,DEN,75,0.52,0.335,0.605,0.743,1.7,4.2,2.5,0.6,0.6,15.0
261,Eric Gordon,SG,33,HOU,57,0.475,0.412,0.548,0.778,0.3,1.7,2.7,0.5,0.3,13.4
262,Devonte' Graham,PG,26,NOP,76,0.363,0.341,0.413,0.843,0.5,1.8,4.2,0.9,0.2,11.9
263,Jerami Grant,PF,27,DET,47,0.426,0.358,0.465,0.838,0.6,3.5,2.4,0.9,1.0,19.2
264,Hassani Gravett,PG,25,ORL,8,0.474,0.423,0.583,0.75,0.1,2.5,2.5,0.6,0.1,6.3
265,Danny Green,SF,34,PHI,62,0.394,0.38,0.469,0.786,0.5,2.0,1.0,1.0,0.6,5.9
266,Draymond Green,PF,31,GSW,46,0.525,0.296,0.586,0.659,1.0,6.3,7.0,1.3,1.1,7.5
267,Jalen Green,SG,19,HOU,67,0.426,0.343,0.502,0.797,0.5,2.9,2.6,0.7,0.3,17.3
268,JaMychal Green,PF,31,DEN,67,0.486,0.266,0.621,0.871,1.2,3.0,0.9,0.6,0.4,6.4
269,Javonte Green,SF,28,CHI,65,0.542,0.356,0.625,0.833,1.4,2.8,0.9,1.0,0.5,7.2
270,Jeff Green,C,35,DEN,75,0.524,0.315,0.62,0.833,0.5,2.5,1.3,0.4,0.4,10.3
271,Josh Green,SG,21,DAL,67,0.508,0.359,0.573,0.689,0.8,1.6,1.2,0.7,0.2,4.8
272,Blake Griffin,PF,32,BRK,56,0.425,0.262,0.565,0.724,1.1,3.0,1.9,0.5,0.3,6.4
273,Quentin Grimes,SG,21,NYK,46,0.404,0.381,0.5,0.684,0.5,1.5,1.0,0.7,0.2,6.0
274,Kyle Guy,SG,24,MIA,19,0.4,0.35,0.48,0.667,0.2,0.7,0.9,0.4,0.1,3.9
275,Rui Hachimura,PF,23,WAS,42,0.491,0.447,0.512,0.697,0.6,3.2,1.1,0.5,0.2,11.3
276,Tyrese Haliburton,SG-PG,21,TOT,77,0.473,0.414,0.517,0.842,0.8,3.2,8.2,1.7,0.6,15.3
279,Tyler Hall,SG,24,NYK,1,0.0,0.0,0.0,0.0,0.0,0.0,0.0,0.0,0.0,0.0
280,R.J. Hampton,SG,20,ORL,64,0.383,0.35,0.405,0.641,0.4,2.7,2.5,0.7,0.2,7.6
281,Tim Hardaway Jr.,SG,29,DAL,42,0.394,0.336,0.473,0.757,0.3,3.4,2.2,0.9,0.1,14.2
282,James Harden,PG-SG,32,TOT,65,0.41,0.33,0.476,0.877,0.8,6.8,10.3,1.3,0.6,22.0
285,Maurice Harkless,SF,28,SAC,47,0.459,0.307,0.65,0.714,0.3,2.1,0.5,0.6,0.5,4.6
286,Jared Harper,PG,24,NOP,5,0.538,0.417,0.643,1.0,0.4,0.0,2.8,0.8,0.2,7.4
287,Montrezl Harrell,C,28,TOT,71,0.645,0.235,0.658,0.716,2.1,4.0,2.0,0.4,0.6,13.1
290,Gary Harris,SG,27,ORL,61,0.434,0.384,0.494,0.874,0.6,1.4,1.8,1.0,0.1,11.1
291,Joe Harris,SF,30,BRK,14,0.452,0.466,0.417,0.833,0.4,3.6,1.0,0.5,0.1,11.3
292,Tobias Harris,PF,29,PHI,73,0.482,0.367,0.525,0.842,1.1,5.7,3.5,0.6,0.6,17.2
293,Shaquille Harrison,SG,28,BRK,2,0.333,0.0,0.5,0.0,0.5,1.5,1.5,0.5,0.5,2.0
294,Josh Hart,SG-SF,26,TOT,54,0.504,0.343,0.601,0.758,1.1,6.0,4.1,1.1,0.2,14.9
297,Isaiah Hartenstein,C,23,LAC,68,0.626,0.467,0.64,0.689,1.7,3.2,2.4,0.7,1.1,8.3
298,Udonis Haslem,C,41,MIA,13,0.452,0.25,0.481,1.0,0.3,1.6,0.3,0.1,0.1,2.5
299,Sam Hauser,SF,24,BOS,26,0.46,0.432,0.667,0.0,0.2,0.9,0.4,0.0,0.1,2.5
300,Jaxson Hayes,C,21,NOP,70,0.616,0.351,0.66,0.766,1.6,2.9,0.6,0.5,0.8,9.3
301,Killian Hayes,PG,20,DET,66,0.383,0.263,0.452,0.77,0.5,2.6,4.2,1.2,0.5,6.9
302,Gordon Hayward,SF,31,CHO,49,0.459,0.391,0.496,0.846,0.8,3.8,3.6,1.0,0.4,15.9
303,Aaron Henry,SF,22,PHI,6,0.2,0.0,0.25,0.0,0.0,0.2,0.0,0.0,0.3,0.3
304,Juancho Hernangómez,PF,26,TOT,40,0.415,0.348,0.541,0.559,0.7,1.8,0.5,0.4,0.3,3.3
308,Willy Hernangómez,C,27,NOP,50,0.52,0.333,0.527,0.773,2.9,3.9,1.3,0.4,0.4,9.1
309,Tyler Herro,SG,22,MIA,66,0.447,0.399,0.477,0.868,0.5,4.5,4.0,0.7,0.1,20.7
310,Buddy Hield,SG,29,TOT,81,0.406,0.366,0.482,0.874,0.8,3.5,2.8,0.9,0.3,15.6
313,Haywood Highsmith,SF,25,MIA,19,0.348,0.321,0.389,0.4,0.5,0.8,0.3,0.1,0.2,2.3
314,George Hill,SG,35,MIL,54,0.429,0.306,0.546,0.919,0.7,2.2,2.2,0.8,0.1,6.2
315,Malcolm Hill,SF-SG,26,TOT,19,0.462,0.361,0.688,0.786,0.6,1.3,0.4,0.4,0.2,3.8
318,Solomon Hill,PF,30,ATL,13,0.15,0.154,0.143,0.0,0.5,1.3,0.9,0.3,0.2,0.6
319,Nate Hinton,SG,22,IND,2,0.0,0.0,0.0,0.0,0.0,0.0,0.0,0.0,0.0,0.0
320,Jaylen Hoard,SF,22,OKC,7,0.489,0.36,0.538,0.429,4.3,7.7,2.4,0.9,0.7,14.7
321,Aaron Holiday,PG,25,TOT,63,0.447,0.379,0.477,0.868,0.4,1.6,2.4,0.7,0.1,6.3
324,Jrue Holiday,PG,31,MIL,67,0.501,0.411,0.547,0.761,1.0,3.5,6.8,1.6,0.4,18.3
325,Justin Holiday,SF-SG,32,TOT,74,0.394,0.367,0.467,0.806,0.4,2.2,1.7,0.8,0.4,10.1
328,Richaun Holmes,C,28,SAC,45,0.66,0.4,0.664,0.778,2.1,5.0,1.1,0.4,0.9,10.4
329,Rodney Hood,SF-SG,29,TOT,52,0.369,0.33,0.424,0.895,0.3,1.2,0.7,0.3,0.1,3.1
332,Scotty Hopson,SG,32,OKC,1,0.5,0.0,0.667,0.0,0.0,1.0,1.0,0.0,0.0,4.0
333,Al Horford,C,35,BOS,69,0.467,0.336,0.582,0.842,1.6,6.1,3.4,0.7,1.3,10.2
334,Talen Horton-Tucker,SG,21,LAL,60,0.416,0.269,0.492,0.8,0.6,2.6,2.7,1.0,0.5,10.0
335,Danuel House Jr.,SF,28,TOT,42,0.404,0.376,0.444,0.759,0.4,2.2,1.0,0.5,0.4,5.9
339,Dwight Howard,C,36,LAL,60,0.612,0.533,0.618,0.658,2.0,4.0,0.6,0.6,0.6,6.2
340,Markus Howard,SG,22,DEN,31,0.386,0.4,0.355,0.87,0.1,0.3,0.2,0.3,0.0,4.1
341,Kevin Huerter,SG,23,ATL,74,0.454,0.389,0.53,0.808,0.4,3.0,2.7,0.7,0.4,12.1
342,Jay Huff,C,23,LAL,4,0.0,0.0,0.0,0.0,0.3,0.8,0.3,0.3,0.3,0.0
343,Elijah Hughes,SG-SF,23,TOT,36,0.326,0.263,0.449,0.778,0.2,1.4,0.6,0.4,0.2,3.5
346,Feron Hunt,SF,22,NYK,2,0.0,0.0,0.0,0.0,0.5,0.0,0.5,0.5,0.0,0.0
347,De'Andre Hunter,SF,24,ATL,53,0.442,0.379,0.474,0.765,0.5,2.8,1.3,0.7,0.4,13.4
348,Chandler Hutchison,SF,25,PHO,6,0.5,0.0,0.5,1.0,0.0,0.8,0.3,0.0,0.0,0.7
349,Bones Hyland,PG,21,DEN,69,0.403,0.366,0.465,0.856,0.2,2.5,2.8,0.6,0.3,10.1
350,Serge Ibaka,C-PF,32,TOT,54,0.5,0.374,0.563,0.727,1.1,3.5,0.9,0.2,0.6,6.8
353,Andre Iguodala,SF,38,GSW,31,0.38,0.23,0.617,0.75,0.7,2.5,3.7,0.9,0.7,4.0
354,Joe Ingles,SF,34,UTA,45,0.404,0.347,0.617,0.773,0.3,2.6,3.5,0.5,0.1,7.2
355,Brandon Ingram,SF,24,NOP,55,0.461,0.327,0.501,0.826,0.6,5.2,5.6,0.6,0.5,22.7
356,Kyrie Irving,PG,29,BRK,29,0.469,0.418,0.501,0.915,0.6,3.8,5.8,1.4,0.6,27.4
357,Wes Iwundu,SF,27,ATL,3,0.444,0.6,0.385,0.75,1.0,3.3,0.0,0.3,0.0,7.3
358,Frank Jackson,PG,23,DET,53,0.402,0.308,0.529,0.827,0.4,1.3,1.0,0.5,0.2,10.6
359,Isaiah Jackson,PF,20,IND,36,0.563,0.313,0.584,0.682,1.7,2.5,0.3,0.7,1.4,8.3
360,Jaren Jackson Jr.,PF,22,MEM,78,0.415,0.319,0.476,0.823,1.5,4.3,1.1,0.9,2.3,16.3
361,Josh Jackson,SF,24,TOT,51,0.4,0.254,0.512,0.714,0.4,2.4,1.1,0.5,0.4,6.4
364,Justin Jackson,SF,26,TOT,7,0.333,0.333,0.333,1.0,0.1,0.9,0.3,0.0,0.0,2.1
367,Reggie Jackson,SG,31,LAC,75,0.392,0.326,0.439,0.847,0.5,3.1,4.8,0.7,0.2,16.8
368,LeBron James,SF,37,LAL,56,0.524,0.359,0.62,0.756,1.1,7.1,6.2,1.3,1.1,30.3
369,DeJon Jarreau,SG,24,IND,1,0.0,0.0,0.0,0.0,0.0,0.0,0.0,0.0,0.0,0.0
370,DaQuan Jeffries,SG,24,MEM,3,0.5,0.0,1.0,0.0,0.0,0.7,0.3,0.0,0.0,0.7
371,Ty Jerome,SG,24,OKC,48,0.378,0.29,0.493,0.809,0.4,1.2,2.3,0.6,0.1,7.1
372,Isaiah Joe,SG,22,PHI,55,0.35,0.333,0.405,0.935,0.1,0.9,0.6,0.3,0.1,3.6
373,Alize Johnson,PF,25,TOT,23,0.436,0.0,0.486,0.583,1.2,1.4,0.4,0.2,0.0,1.8
377,B.J. Johnson,SF,26,ORL,4,0.44,0.4,0.467,0.0,1.5,2.3,0.0,0.0,0.3,6.5
378,Cameron Johnson,PF,25,PHO,66,0.46,0.425,0.523,0.86,0.6,3.5,1.5,0.9,0.2,12.5
379,David Johnson,SG,20,TOR,2,0.0,0.0,0.0,0.0,0.0,0.0,0.0,0.0,0.0,0.0
380,Jalen Johnson,PF,20,ATL,22,0.537,0.231,0.679,0.714,0.1,1.1,0.1,0.1,0.1,2.4
381,James Johnson,PF,34,BRK,62,0.469,0.271,0.545,0.527,0.8,2.6,2.1,0.5,0.5,5.5
382,Joe Johnson,SG,40,BOS,1,1.0,0.0,1.0,0.0,0.0,0.0,0.0,0.0,0.0,2.0
383,Keldon Johnson,SF,22,SAS,75,0.466,0.398,0.51,0.756,1.1,5.0,2.1,0.8,0.2,17.0
384,Keon Johnson,SG,19,TOT,37,0.353,0.34,0.36,0.804,0.6,1.5,2.1,0.8,0.3,7.2
387,Stanley Johnson,PF,25,LAL,48,0.466,0.314,0.575,0.716,0.7,2.5,1.7,0.9,0.3,6.7
388,Tyler Johnson,PG,29,TOT,6,0.3,0.385,0.143,0.0,0.5,1.5,1.2,0.5,0.5,2.8
391,Nikola Joki?,C,26,DEN,74,0.583,0.337,0.652,0.81,2.8,11.0,7.9,1.5,0.9,27.1
392,Carlik Jones,PG,24,TOT,5,0.111,0.0,0.125,1.0,0.2,0.4,1.0,0.2,0.0,0.8
395,Damian Jones,C,26,SAC,56,0.658,0.345,0.696,0.718,1.3,3.1,1.2,0.5,0.8,8.1
396,Derrick Jones Jr.,PF,24,CHI,51,0.538,0.328,0.634,0.8,1.2,2.1,0.6,0.5,0.6,5.6
397,Herbert Jones,PF,23,NOP,78,0.476,0.337,0.533,0.84,1.3,2.5,2.1,1.7,0.8,9.5
398,Jemerrio Jones,SF,26,LAL,2,0.667,0.0,0.667,0.0,1.0,0.5,0.0,0.5,0.0,2.0
399,Kai Jones,C,21,CHO,21,0.643,0.5,0.667,0.375,0.1,0.4,0.2,0.0,0.1,1.0
400,Mason Jones,SG,23,LAL,4,0.467,0.25,0.545,0.8,0.3,2.3,1.0,0.5,0.0,6.8
401,Tre Jones,PG,22,SAS,69,0.49,0.196,0.542,0.78,0.4,1.8,3.4,0.6,0.1,6.0
402,Tyus Jones,PG,25,MEM,73,0.451,0.39,0.487,0.818,0.2,2.2,4.4,0.9,0.0,8.7
403,DeAndre Jordan,C,33,TOT,48,0.643,0.0,0.643,0.55,1.7,3.8,0.4,0.3,0.7,4.3
406,Cory Joseph,PG,30,DET,65,0.445,0.414,0.465,0.885,0.4,2.2,3.6,0.6,0.3,8.0
407,Georgios Kalaitzakis,SF,23,TOT,13,0.463,0.385,0.512,0.467,0.5,1.2,0.9,0.8,0.2,6.6
410,Frank Kaminsky,C,28,PHO,9,0.545,0.333,0.608,0.9,1.2,3.3,1.4,0.9,0.8,10.6
411,Luke Kennard,SG,25,LAC,70,0.449,0.449,0.449,0.896,0.3,3.0,2.1,0.6,0.1,11.9
412,Braxton Key,SF,24,TOT,11,0.458,0.286,0.529,0.538,1.2,3.4,1.0,0.9,1.0,7.2
415,George King,SF,28,DAL,4,0.0,0.0,0.0,0.5,0.0,1.3,0.0,0.0,0.0,0.3
416,Louis King,SF,22,SAC,10,0.319,0.296,0.35,0.7,0.0,1.2,0.9,0.2,0.1,4.5
417,Corey Kispert,SF,22,WAS,77,0.455,0.35,0.629,0.871,0.7,2.0,1.1,0.5,0.3,8.2
418,Maxi Kleber,PF,30,DAL,59,0.398,0.325,0.586,0.708,1.2,4.7,1.2,0.5,1.0,7.0
419,Brandon Knight,PG,30,DAL,5,0.4,0.235,0.75,1.0,0.0,1.6,1.6,0.2,0.0,6.4
420,Nathan Knight,PF,24,MIN,37,0.511,0.308,0.547,0.733,0.9,1.4,0.6,0.2,0.2,3.7
421,Kevin Knox,SF,22,TOT,30,0.365,0.278,0.516,0.727,0.5,1.0,0.3,0.1,0.1,3.1
424,John Konchar,SG,25,MEM,72,0.515,0.413,0.61,0.551,1.2,3.4,1.5,0.6,0.3,4.8
425,Furkan Korkmaz,SG,24,PHI,67,0.387,0.289,0.515,0.81,0.3,2.3,1.9,0.5,0.1,7.6
426,Luke Kornet,C,26,TOT,15,0.481,0.0,0.591,0.667,0.9,1.1,0.6,0.2,0.2,2.0
430,Vit Krejci,SG,21,OKC,30,0.407,0.327,0.522,0.864,0.6,2.8,1.9,0.6,0.3,6.2
431,Arnoldas Kulboka,SF,24,CHO,2,0.0,0.0,0.0,0.0,0.0,0.0,0.0,0.0,0.0,0.0
432,Jonathan Kuminga,SF,19,GSW,70,0.513,0.336,0.598,0.684,0.8,2.6,0.9,0.4,0.3,9.3
433,Kyle Kuzma,PF,26,WAS,66,0.452,0.341,0.526,0.712,1.1,7.4,3.5,0.6,0.9,17.1
434,Anthony Lamb,SF,24,SAS,2,0.0,0.0,0.0,0.0,0.0,0.5,1.0,0.0,0.0,0.0
435,Jeremy Lamb,SF-SG,29,TOT,56,0.383,0.324,0.441,0.84,0.5,2.3,1.4,0.6,0.4,7.3
438,Jock Landale,C,26,SAS,54,0.495,0.326,0.626,0.829,1.2,1.4,0.8,0.2,0.3,4.9
439,Romeo Langford,SG,22,TOT,48,0.435,0.341,0.509,0.548,0.6,1.6,0.4,0.5,0.3,4.5
442,Zach LaVine,SF,26,CHI,67,0.476,0.389,0.534,0.853,0.3,4.3,4.5,0.6,0.3,24.4
443,Jake Layman,SF,27,MIN,34,0.411,0.229,0.579,0.722,0.2,0.9,0.3,0.2,0.1,2.4
444,Damion Lee,SG,29,GSW,63,0.441,0.337,0.541,0.88,0.4,2.8,1.0,0.6,0.1,7.4
445,Saben Lee,PG,22,DET,37,0.39,0.233,0.47,0.789,0.5,1.9,2.9,1.0,0.3,5.6
446,Alex Len,C,28,SAC,39,0.534,0.286,0.568,0.651,1.3,2.8,1.2,0.3,0.6,6.0
447,Caris LeVert,SG,27,TOT,58,0.444,0.32,0.497,0.756,0.7,2.9,4.3,0.9,0.4,17.0
450,Kira Lewis Jr.,PG,20,NOP,24,0.404,0.224,0.523,0.833,0.4,1.3,2.0,0.5,0.0,5.9
451,Scottie Lewis,SG,21,CHO,2,0.0,0.0,0.0,0.5,0.0,0.0,0.5,0.5,0.0,0.5
452,Damian Lillard,PG,31,POR,29,0.402,0.324,0.485,0.878,0.4,3.7,7.3,0.6,0.4,24.0
453,Nassir Little,SF,21,POR,42,0.46,0.331,0.584,0.734,1.4,4.2,1.3,0.6,0.9,9.8
454,Isaiah Livers,SF,23,DET,19,0.456,0.422,0.538,0.857,0.8,2.2,1.1,0.7,0.4,6.4
455,Kevon Looney,C,25,GSW,82,0.571,0.0,0.573,0.6,2.5,4.7,2.0,0.6,0.6,6.0
456,Brook Lopez,C,33,MIL,13,0.466,0.358,0.538,0.87,1.5,2.6,0.5,0.6,1.2,12.4
457,Robin Lopez,C,33,ORL,36,0.553,0.333,0.56,0.593,1.9,1.6,1.5,0.1,0.5,7.1
458,Didi Louzada,SG-SF,22,TOT,9,0.364,0.391,0.3,1.0,0.6,1.3,0.6,0.2,0.2,3.9
461,Kevin Love,PF,33,CLE,74,0.43,0.392,0.493,0.838,1.2,6.1,2.2,0.4,0.2,13.6
462,Kyle Lowry,PG,35,MIA,63,0.44,0.377,0.539,0.851,0.5,4.0,7.5,1.1,0.3,13.4
463,Gabriel Lundberg,SG,27,PHO,4,0.263,0.375,0.182,0.0,0.5,1.3,2.8,0.8,0.0,3.3
464,Timothé Luwawu-Cabarrot,SF,26,ATL,52,0.398,0.361,0.469,0.854,0.3,1.3,0.8,0.3,0.1,4.4
465,Trey Lyles,PF,26,TOT,75,0.466,0.321,0.552,0.802,1.2,3.9,1.2,0.4,0.4,10.5
468,Théo Maledon,PG,20,OKC,51,0.375,0.293,0.449,0.79,0.4,2.2,2.2,0.6,0.2,7.1
469,Sandro Mamukelashvili,PF,22,MIL,41,0.496,0.423,0.556,0.818,0.9,1.1,0.5,0.2,0.2,3.8
470,Terance Mann,SF,25,LAC,81,0.484,0.365,0.535,0.78,1.3,4.0,2.6,0.7,0.3,10.8
471,Tre Mann,PG,20,OKC,60,0.393,0.36,0.421,0.793,0.4,2.4,1.5,0.8,0.2,10.4
472,Boban Marjanovi?,C,33,DAL,23,0.6,0.25,0.621,0.591,0.3,1.3,0.1,0.0,0.1,4.3
473,Lauri Markkanen,PF,24,CLE,61,0.445,0.358,0.548,0.868,1.0,4.7,1.3,0.7,0.5,14.8
474,Naji Marshall,SF,24,NOP,55,0.405,0.2,0.537,0.796,0.7,1.9,1.1,0.6,0.1,5.7
475,Caleb Martin,SF,26,MIA,60,0.507,0.413,0.565,0.763,1.2,2.7,1.1,1.0,0.5,9.2
476,Cody Martin,SF,26,CHO,71,0.482,0.384,0.542,0.701,1.2,2.9,2.5,1.2,0.5,7.7
477,Kelan Martin,SF,26,TOT,30,0.409,0.293,0.5,0.692,0.6,1.3,0.7,0.4,0.3,5.7
480,Kenyon Martin Jr.,SF,21,HOU,79,0.533,0.357,0.617,0.634,1.0,2.7,1.3,0.4,0.5,8.8
481,Garrison Mathews,SG,25,HOU,65,0.399,0.36,0.6,0.794,0.5,2.4,1.0,0.9,0.4,10.0
482,Dakota Mathias,SG,26,MEM,6,0.333,0.333,0.0,0.0,0.0,0.3,0.2,0.2,0.0,1.0
483,Wesley Matthews,SG,35,MIL,49,0.395,0.338,0.54,0.786,0.6,1.3,0.7,0.5,0.2,5.1
484,Tyrese Maxey,PG,21,PHI,75,0.485,0.427,0.512,0.866,0.3,2.9,4.3,0.7,0.4,17.5
485,Skylar Mays,SG,24,ATL,28,0.5,0.32,0.615,0.889,0.2,0.7,0.6,0.3,0.0,2.9
486,Miles McBride,PG,21,NYK,40,0.296,0.25,0.375,0.667,0.1,1.0,1.0,0.4,0.0,2.2
487,Mac McClung,SG-PG,23,TOT,2,0.5,0.333,0.667,1.0,0.0,1.5,0.5,0.5,0.5,4.0
490,CJ McCollum,SG,30,TOT,62,0.46,0.388,0.509,0.682,0.9,3.5,5.1,1.1,0.4,22.1
493,T.J. McConnell,PG,29,IND,27,0.481,0.303,0.514,0.826,0.7,2.6,4.9,1.1,0.4,8.5
494,Jaden McDaniels,PF,21,MIN,70,0.46,0.317,0.579,0.803,1.1,3.1,1.1,0.7,0.8,9.2
495,Jalen McDaniels,SF,24,CHO,55,0.484,0.38,0.562,0.736,0.7,2.4,1.1,0.5,0.4,6.2
496,Doug McDermott,PF,30,SAS,51,0.462,0.422,0.512,0.784,0.4,1.9,1.3,0.3,0.1,11.3
497,JaVale McGee,C,34,PHO,74,0.629,0.222,0.637,0.699,2.2,4.5,0.6,0.3,1.1,9.2
498,Cameron McGriff,SF,24,POR,3,0.357,0.333,0.375,1.0,2.0,3.0,1.0,0.0,0.3,4.7
499,Rodney McGruder,SG,30,DET,51,0.436,0.397,0.506,0.731,0.6,1.6,0.9,0.4,0.1,5.4
500,Alfonzo McKinnie,SF,29,CHI,17,0.393,0.333,0.441,0.25,0.8,1.2,0.3,0.1,0.2,3.5
501,JaQuori McLaughlin,PG,24,DAL,4,0.0,0.0,0.0,0.0,0.0,0.0,0.5,0.0,0.0,0.0
502,Jordan McLaughlin,PG,25,MIN,62,0.44,0.318,0.53,0.75,0.4,1.2,2.9,0.9,0.2,3.8
503,Ben McLemore,SG,28,POR,64,0.401,0.362,0.533,0.818,0.2,1.4,0.9,0.6,0.2,10.2
504,De'Anthony Melton,SG,23,MEM,73,0.404,0.374,0.44,0.75,0.9,3.6,2.7,1.4,0.5,10.8
505,Sam Merrill,SG,25,MEM,6,0.333,0.304,1.0,0.5,0.2,1.0,0.7,0.0,0.0,4.2
506,Chimezie Metu,C,24,SAC,60,0.452,0.306,0.555,0.78,0.6,5.0,1.0,0.9,0.5,8.9
507,Khris Middleton,SF,30,MIL,66,0.443,0.373,0.494,0.89,0.6,4.8,5.4,1.2,0.3,20.1
508,C.J. Miles,SG,34,BOS,1,0.0,0.0,0.0,0.0,0.0,0.0,0.0,0.0,0.0,0.0
509,Patty Mills,PG,33,BRK,81,0.408,0.4,0.429,0.814,0.2,1.7,2.3,0.6,0.2,11.4
510,Paul Millsap,PF,36,TOT,33,0.391,0.229,0.463,0.708,1.2,2.2,0.9,0.3,0.4,3.5
513,Shake Milton,PG,25,PHI,55,0.429,0.323,0.481,0.836,0.5,2.0,2.5,0.5,0.3,8.2
514,Davion Mitchell,PG,23,SAC,75,0.418,0.316,0.48,0.659,0.4,1.8,4.2,0.7,0.3,11.5
515,Donovan Mitchell,SG,25,UTA,67,0.448,0.355,0.533,0.853,0.8,3.4,5.3,1.5,0.2,25.9
516,Evan Mobley,PF,20,CLE,69,0.508,0.25,0.541,0.663,2.1,6.2,2.5,0.8,1.7,15.0
517,Malik Monk,SG,23,LAL,76,0.473,0.391,0.568,0.795,0.5,2.9,2.9,0.8,0.4,13.8
518,Greg Monroe,C,31,TOT,14,0.561,0.0,0.561,0.522,2.1,2.4,1.6,0.6,0.7,5.4
523,Moses Moody,SG,19,GSW,52,0.437,0.364,0.548,0.778,0.3,1.2,0.4,0.1,0.2,4.4
524,Xavier Moon,SG,27,LAC,10,0.49,0.357,0.541,0.6,0.2,1.2,2.4,0.7,0.3,5.8
525,Matt Mooney,SG,24,NYK,1,0.0,0.0,0.0,0.0,0.0,0.0,0.0,1.0,0.0,0.0
526,Ja Morant,PG,22,MEM,57,0.493,0.344,0.534,0.761,1.4,4.4,6.7,1.2,0.4,27.4
527,Juwan Morgan,PF,24,TOT,2,0.667,0.5,1.0,0.0,1.0,1.0,0.5,0.0,0.0,2.5
530,Jaylen Morris,SG,26,SAS,3,0.0,0.0,0.0,0.5,0.0,0.7,0.7,0.0,0.0,0.7
531,Marcus Morris,PF,32,LAC,54,0.434,0.367,0.478,0.872,0.5,3.9,2.1,0.5,0.3,15.4
532,Markieff Morris,PF,32,MIA,17,0.474,0.333,0.547,0.889,1.0,1.6,1.4,0.4,0.1,7.6
533,Monte Morris,PG,26,DEN,75,0.484,0.395,0.545,0.869,0.4,2.7,4.4,0.7,0.2,12.6
534,Emmanuel Mudiay,PG,25,SAC,2,0.0,0.0,0.0,0.75,0.0,0.0,2.0,0.5,0.0,1.5
535,Mychal Mulder,PG,27,TOT,17,0.312,0.315,0.304,1.0,0.1,1.3,0.3,0.2,0.1,4.1
538,Ade Murkey,SG,24,SAC,1,0.0,0.0,0.0,0.0,0.0,0.0,0.0,0.0,0.0,0.0
539,Trey Murphy III,SF,21,NOP,62,0.394,0.382,0.418,0.882,0.8,1.6,0.6,0.4,0.1,5.4
540,Dejounte Murray,PG,25,SAS,68,0.462,0.327,0.504,0.794,1.2,7.1,9.2,2.0,0.3,21.1
541,Mike Muscala,C,30,OKC,43,0.456,0.429,0.506,0.842,0.5,2.5,0.5,0.4,0.6,8.0
542,Svi Mykhailiuk,SF,24,TOR,56,0.389,0.306,0.5,0.865,0.4,1.3,0.8,0.5,0.1,4.6
543,Abdel Nader,SF,28,PHO,14,0.343,0.286,0.381,0.6,0.3,1.6,0.5,0.6,0.3,2.4
544,Larry Nance Jr.,PF,29,TOT,46,0.522,0.329,0.599,0.702,1.6,3.8,1.8,0.9,0.4,7.0
547,RJ Nembhard Jr.,SG,22,CLE,14,0.333,0.0,0.375,0.75,0.2,0.3,0.9,0.1,0.0,1.1
548,Aaron Nesmith,SF,22,BOS,52,0.396,0.27,0.612,0.808,0.3,1.4,0.4,0.4,0.1,3.8
549,Raul Neto,PG,29,WAS,70,0.463,0.292,0.526,0.769,0.2,1.7,3.1,0.8,0.0,7.5
550,Malik Newman,PG,24,CLE,1,0.6,0.0,0.75,1.0,0.0,1.0,1.0,0.0,0.0,8.0
551,Georges Niang,PF,28,PHI,76,0.437,0.403,0.511,0.881,0.3,2.3,1.3,0.4,0.2,9.2
552,Daishen Nix,SG,19,HOU,24,0.403,0.269,0.488,0.533,0.3,1.1,1.7,0.6,0.0,3.2
553,Zeke Nnaji,PF,21,DEN,41,0.516,0.463,0.557,0.631,1.4,2.2,0.4,0.4,0.3,6.6
554,Nerlens Noel,C,27,NYK,25,0.533,0.0,0.561,0.7,1.9,3.7,0.9,1.2,1.2,3.4
555,Jaylen Nowell,SG,22,MIN,62,0.475,0.394,0.526,0.783,0.4,1.6,2.1,0.4,0.2,8.5
556,Frank Ntilikina,PG,23,DAL,58,0.399,0.342,0.455,0.96,0.2,1.2,1.2,0.5,0.1,4.1
557,Jusuf Nurki?,C,27,POR,56,0.535,0.268,0.563,0.69,3.0,8.1,2.8,1.1,0.6,15.0
558,David Nwaba,SF,29,HOU,46,0.483,0.306,0.551,0.716,0.9,2.4,0.8,0.6,0.4,5.1
559,Jordan Nwora,SF,23,MIL,62,0.403,0.348,0.455,0.837,0.6,3.0,1.0,0.4,0.3,7.9
560,Royce O'Neale,SF,28,UTA,77,0.457,0.389,0.609,0.804,0.8,3.9,2.5,1.1,0.4,7.4
561,Semi Ojeleye,PF,27,TOT,30,0.303,0.3,0.306,0.793,0.9,1.6,0.3,0.2,0.2,3.3
564,Chuma Okeke,PF,23,ORL,70,0.376,0.318,0.48,0.846,0.7,4.3,1.7,1.4,0.6,8.6
565,Josh Okogie,SG,23,MIN,49,0.404,0.298,0.491,0.686,0.6,0.8,0.5,0.5,0.2,2.7
566,Onyeka Okongwu,C,21,ATL,48,0.69,0.0,0.69,0.727,2.4,3.5,1.1,0.6,1.3,8.2
567,Isaac Okoro,SF,21,CLE,67,0.48,0.35,0.555,0.768,1.1,1.9,1.8,0.8,0.3,8.8
568,KZ Okpala,PF,22,MIA,21,0.435,0.346,0.488,0.727,0.5,1.4,0.7,0.2,0.3,3.7
569,Victor Oladipo,SG,29,MIA,8,0.479,0.417,0.541,0.737,0.4,2.5,3.5,0.6,0.1,12.4
570,Cameron Oliver,SF,25,ATL,2,0.667,0.333,0.75,0.667,1.0,2.0,1.5,0.5,0.5,11.5
571,Kelly Olynyk,C,30,DET,40,0.448,0.336,0.527,0.775,1.4,3.1,2.8,0.8,0.5,9.1
572,Eugene Omoruyi,SF,24,DAL,4,0.4,0.5,0.333,0.5,0.5,1.3,0.5,0.0,0.0,1.8
573,Miye Oni,SG,24,UTA,16,0.222,0.125,1.0,0.0,0.1,0.4,0.3,0.0,0.0,0.3
574,Cedi Osman,SF,26,CLE,66,0.432,0.357,0.559,0.664,0.4,1.8,2.0,0.8,0.2,10.7
575,Daniel Oturu,C,22,TOR,3,0.5,0.0,0.6,0.6,0.3,1.3,0.0,0.0,0.7,3.0
576,Kelly Oubre Jr.,SF,26,CHO,76,0.44,0.345,0.578,0.667,1.0,2.9,1.1,1.0,0.4,15.0
577,Jaysean Paige,PG,27,DET,1,0.0,0.0,0.0,0.0,0.0,1.0,1.0,0.0,0.0,0.0
578,Trayvon Palmer,SG,27,DET,1,0.0,0.0,0.0,0.0,0.0,2.0,0.0,0.0,0.0,0.0
579,Kevin Pangos,PG,29,CLE,24,0.326,0.231,0.45,0.75,0.1,0.4,1.3,0.1,0.0,1.6
580,Jabari Parker,PF,26,BOS,12,0.474,0.5,0.455,1.0,0.4,1.9,0.5,0.3,0.1,4.4
581,Eric Paschall,PF,25,UTA,58,0.485,0.37,0.583,0.767,0.5,1.3,0.6,0.2,0.1,5.8
582,Chris Paul,PG,36,PHO,65,0.493,0.317,0.559,0.837,0.3,4.0,10.8,1.9,0.3,14.7
583,Cameron Payne,PG,27,PHO,58,0.409,0.336,0.449,0.843,0.4,2.6,4.9,0.7,0.3,10.8
584,Elfrid Payton,PG,27,PHO,50,0.383,0.222,0.401,0.375,0.4,1.3,2.0,0.5,0.1,3.0
585,Gary Payton II,PG,29,GSW,71,0.616,0.358,0.754,0.603,1.0,2.5,0.9,1.4,0.3,7.1
586,Norvel Pelle,C,28,UTA,3,0.6,0.0,0.6,0.0,1.0,1.0,0.0,0.0,0.3,2.0
587,Reggie Perry,PF,21,TOT,10,0.506,0.188,0.587,0.6,1.5,3.2,1.2,0.9,0.6,9.2
590,Jamorko Pickett,PF,24,DET,13,0.36,0.333,0.455,0.5,0.5,2.0,0.5,0.0,0.5,3.8
591,Theo Pinson,SF,26,DAL,19,0.359,0.333,0.444,1.0,0.1,1.0,0.9,0.3,0.1,2.5
592,Mason Plumlee,C,31,CHO,73,0.641,0.0,0.645,0.392,2.4,5.3,3.1,0.8,0.7,6.5
593,Jakob Poeltl,C,26,SAS,68,0.618,1.0,0.618,0.495,3.9,5.5,2.8,0.7,1.7,13.5
594,Aleksej Pokusevski,PF,20,OKC,61,0.408,0.289,0.498,0.7,1.2,4.0,2.1,0.6,0.6,7.6
595,Yves Pons,SF,22,MEM,12,0.313,0.333,0.286,0.0,0.4,0.6,0.1,0.1,0.3,1.1
596,Jordan Poole,SG,22,GSW,76,0.448,0.364,0.55,0.925,0.4,3.0,4.0,0.8,0.3,18.5
597,Kevin Porter Jr.,PG,21,HOU,61,0.415,0.375,0.456,0.642,0.7,3.7,6.2,1.1,0.4,15.6
598,Michael Porter Jr.,SF,23,DEN,9,0.359,0.208,0.491,0.556,1.0,5.6,1.9,1.1,0.2,9.9
599,Otto Porter Jr.,PF,28,GSW,63,0.464,0.37,0.565,0.803,1.4,4.4,1.5,1.1,0.5,8.2
600,Bobby Portis,C,26,MIL,72,0.479,0.393,0.533,0.752,2.5,6.6,1.2,0.7,0.7,14.6
601,Kristaps Porzi??is,PF,26,TOT,51,0.459,0.31,0.532,0.867,2.0,6.1,2.3,0.7,1.6,20.2
604,Micah Potter,C,23,DET,3,0.455,0.0,0.556,1.0,1.3,1.7,0.0,0.3,0.3,4.0
605,Dwight Powell,C,30,DAL,82,0.671,0.351,0.703,0.783,2.1,2.8,1.2,0.5,0.5,8.7
606,Myles Powell,PG,24,PHI,11,0.294,0.167,0.364,1.0,0.1,0.5,0.3,0.1,0.0,1.2
607,Norman Powell,SF-SG,28,TOT,45,0.461,0.419,0.491,0.811,0.4,2.8,2.1,0.9,0.5,19.0
610,Joshua Primo,SG,19,SAS,50,0.374,0.307,0.444,0.746,0.6,1.6,1.6,0.4,0.5,5.8
611,Taurean Prince,PF,27,MIN,69,0.454,0.376,0.565,0.756,0.4,2.1,1.0,0.7,0.3,7.3
612,Payton Pritchard,SG,24,BOS,71,0.429,0.412,0.461,1.0,0.5,1.4,2.0,0.4,0.1,6.2
613,Trevelin Queen,SG,24,HOU,10,0.455,0.375,0.667,1.0,0.7,0.9,0.4,0.5,0.1,4.3
614,Neemias Queta,C,22,SAC,14,0.447,0.0,0.447,0.647,1.0,1.2,0.4,0.1,0.6,3.2
615,Immanuel Quickley,PG,22,NYK,78,0.392,0.346,0.448,0.881,0.4,2.8,3.5,0.7,0.0,11.3
616,Jahmi'us Ramsey,SG,20,SAC,19,0.414,0.278,0.475,0.5,0.2,0.5,0.4,0.1,0.1,3.2
617,Julius Randle,PF,27,NYK,72,0.411,0.308,0.458,0.756,1.7,8.2,5.1,0.7,0.5,20.1
618,Austin Reaves,SG,23,LAL,61,0.459,0.317,0.616,0.839,0.7,2.4,1.8,0.5,0.3,7.3
619,Cam Reddish,SF,22,TOT,49,0.404,0.359,0.442,0.902,0.5,1.6,1.0,1.0,0.3,10.1
622,Davon Reed,SG,26,DEN,48,0.503,0.43,0.587,0.667,0.3,2.0,1.1,0.5,0.2,4.4
623,Paul Reed,C,22,PHI,38,0.563,0.25,0.591,0.429,1.2,1.3,0.4,0.9,0.4,3.1
624,Naz Reid,C,22,MIN,77,0.489,0.343,0.568,0.765,1.3,2.6,0.9,0.5,0.9,8.3
625,Nick Richards,C,24,CHO,50,0.667,0.0,0.667,0.698,0.7,1.0,0.3,0.2,0.4,3.0
626,Josh Richardson,SG,28,TOT,65,0.438,0.415,0.458,0.889,0.6,2.2,1.8,0.9,0.4,10.2
629,Austin Rivers,SG,29,DEN,67,0.417,0.342,0.563,0.727,0.3,1.4,1.3,0.8,0.1,6.0
630,Duncan Robinson,SG,27,MIA,79,0.399,0.372,0.569,0.836,0.3,2.3,1.6,0.5,0.2,10.9
631,Justin Robinson,PG,24,TOT,25,0.301,0.295,0.313,0.5,0.2,0.7,1.3,0.4,0.0,3.1
635,Mitchell Robinson,C,23,NYK,72,0.761,0.0,0.761,0.486,4.1,4.5,0.5,0.8,1.8,8.5
636,Jeremiah Robinson-Earl,C,21,OKC,49,0.414,0.352,0.478,0.741,1.5,4.1,1.0,0.6,0.3,7.5
637,Isaiah Roby,PF,23,OKC,45,0.514,0.444,0.545,0.672,1.7,3.2,1.6,0.8,0.8,10.1
638,Rajon Rondo,PG,35,TOT,39,0.386,0.352,0.42,0.731,0.4,2.4,4.4,0.8,0.2,4.8
641,Derrick Rose,PG,33,NYK,26,0.445,0.402,0.467,0.968,0.8,2.2,4.0,0.8,0.5,12.0
642,Terrence Ross,SG,30,ORL,63,0.397,0.292,0.493,0.862,0.3,2.2,1.8,0.4,0.2,10.0
643,Terry Rozier,SG,27,CHO,73,0.444,0.374,0.516,0.852,0.8,3.5,4.5,1.3,0.3,19.3
644,Ricky Rubio,PG,31,CLE,34,0.363,0.339,0.38,0.854,0.4,3.7,6.6,1.4,0.2,13.1
645,D'Angelo Russell,PG,25,MIN,65,0.411,0.34,0.492,0.825,0.4,2.9,7.1,1.0,0.3,18.1
646,Matt Ryan,SF,24,BOS,1,0.2,0.2,0.0,0.0,0.0,0.0,0.0,1.0,0.0,3.0
647,Domantas Sabonis,C-PF,25,TOT,62,0.573,0.312,0.623,0.741,3.2,8.9,5.2,1.0,0.4,18.9
650,Olivier Sarr,C,22,OKC,22,0.574,0.448,0.625,0.828,1.5,2.7,0.9,0.3,0.7,7.0
651,Tomá Satoransk?,SG,30,TOT,55,0.377,0.208,0.442,0.796,0.5,1.8,3.3,0.5,0.1,3.6
655,Jordan Schakel,SG,23,WAS,4,0.091,0.167,0.0,1.0,0.5,1.5,0.0,0.3,0.0,1.3
656,Admiral Schofield,SF,24,ORL,38,0.419,0.329,0.56,0.8,0.4,1.9,0.7,0.1,0.1,3.8
657,Dennis Schröder,SG-PG,28,TOT,64,0.431,0.344,0.477,0.853,0.5,2.8,4.6,0.8,0.1,13.5
660,Tre Scott,SF,25,CLE,2,0.5,0.0,0.6,0.0,0.5,0.5,0.0,0.5,0.5,3.0
661,Jay Scrubb,SG,21,LAC,18,0.391,0.286,0.48,0.7,0.1,0.8,0.4,0.2,0.2,2.7
662,Wayne Selden,SG,27,NYK,3,0.25,0.5,0.0,0.5,0.0,0.3,0.3,0.0,0.0,1.7
663,Alperen Þengün,C,19,HOU,72,0.474,0.248,0.539,0.711,1.9,3.5,2.6,0.8,0.9,9.6
664,Collin Sexton,SG,23,CLE,11,0.45,0.244,0.538,0.744,1.2,2.1,2.1,0.9,0.0,16.0
665,Landry Shamet,SG,24,PHO,69,0.394,0.368,0.45,0.84,0.2,1.6,1.6,0.4,0.1,8.3
666,Day'Ron Sharpe,PF,20,BRK,32,0.577,0.286,0.592,0.585,2.5,2.5,0.5,0.3,0.5,6.2
667,Pascal Siakam,PF,27,TOR,68,0.494,0.344,0.527,0.749,1.9,6.6,5.3,1.3,0.6,22.8
668,Chris Silva,PF,25,TOT,10,0.533,0.0,0.533,0.833,1.3,2.3,0.7,0.0,0.1,2.6
671,Marko Simonovic,C,22,CHI,9,0.267,0.2,0.3,0.727,0.6,0.6,0.0,0.1,0.1,1.9
672,Anfernee Simons,SG,22,POR,57,0.443,0.405,0.49,0.888,0.5,2.2,3.9,0.5,0.1,17.3
673,Zavier Simpson,PG,24,OKC,4,0.365,0.125,0.409,1.0,0.5,4.8,7.5,1.3,1.0,11.0
674,Jericho Sims,PF,23,NYK,41,0.722,0.0,0.722,0.414,1.5,2.6,0.5,0.3,0.5,2.2
675,Deividas Sirvydis,SG,21,DET,3,0.1,0.143,0.0,0.0,0.0,2.0,0.3,1.0,0.3,1.0
676,Javonte Smart,PG,22,TOT,17,0.317,0.296,0.333,0.833,0.3,1.1,0.9,0.4,0.2,3.0
679,Marcus Smart,PG,27,BOS,71,0.418,0.331,0.506,0.793,0.6,3.2,5.9,1.7,0.3,12.1
680,Dennis Smith Jr.,PG,24,POR,37,0.418,0.222,0.451,0.656,0.5,1.8,3.6,1.2,0.3,5.6
681,Ish Smith,PG,33,TOT,65,0.43,0.373,0.441,0.625,0.4,1.8,3.8,0.7,0.4,6.3
684,Jalen Smith,PF,21,TOT,51,0.503,0.328,0.596,0.765,2.0,4.0,0.5,0.3,0.8,9.2
687,Xavier Sneed,SF,24,TOT,9,0.2,0.125,0.5,0.0,0.2,0.4,0.1,0.0,0.0,0.6
690,Tony Snell,SG,30,TOT,53,0.404,0.352,0.558,1.0,0.3,1.6,0.5,0.3,0.2,3.5
693,Jaden Springer,SG,19,PHI,2,1.0,0.0,1.0,0.0,0.5,0.5,0.0,0.0,1.0,1.0
694,Cassius Stanley,SG,22,DET,9,0.413,0.235,0.517,1.0,0.6,1.6,0.4,0.6,0.2,5.8
695,Nik Stauskas,SG,28,TOT,8,0.357,0.4,0.25,0.667,0.1,0.3,0.3,0.0,0.0,2.3
698,Lance Stephenson,SG-SF,31,TOT,46,0.455,0.3,0.515,0.788,0.3,2.5,3.6,0.5,0.1,8.3
701,Lamar Stevens,PF,24,CLE,63,0.489,0.277,0.543,0.707,0.7,1.9,0.7,0.5,0.3,6.1
702,Isaiah Stewart,C,20,DET,71,0.51,0.326,0.529,0.718,3.2,5.5,1.2,0.3,1.1,8.3
703,Max Strus,SF,25,MIA,68,0.441,0.41,0.557,0.792,0.4,2.6,1.4,0.4,0.2,10.6
704,Jalen Suggs,PG,20,ORL,48,0.361,0.214,0.443,0.773,0.5,3.0,4.4,1.2,0.4,11.8
705,Craig Sword,SG,28,WAS,3,0.75,0.0,1.0,0.0,0.0,0.0,0.3,1.3,0.0,2.0
706,Keifer Sykes,PG,28,IND,32,0.363,0.3,0.42,0.882,0.3,1.2,1.9,0.4,0.1,5.6
707,Jae'Sean Tate,SF,26,HOU,78,0.498,0.312,0.569,0.707,1.7,3.7,2.8,0.9,0.5,11.8
708,Jayson Tatum,SF,23,BOS,76,0.453,0.353,0.524,0.853,1.1,6.9,4.4,1.0,0.6,26.9
709,Terry Taylor,SG,22,IND,33,0.614,0.316,0.676,0.706,2.9,2.3,1.2,0.4,0.2,9.6
710,Garrett Temple,SG,35,NOP,59,0.376,0.319,0.473,0.683,0.5,1.9,1.3,0.7,0.4,5.2
711,Emanuel Terry,PF,25,PHO,3,0.0,0.0,0.0,0.0,2.7,2.3,0.7,0.3,0.0,0.0
712,Tyrell Terry,PG,21,MEM,2,1.0,0.0,1.0,0.0,0.0,0.0,0.0,0.0,0.0,1.0
713,Jon Teske,C,24,MEM,3,0.0,0.0,0.0,0.0,0.0,0.7,0.3,0.3,0.0,0.0
714,Daniel Theis,C,29,TOT,47,0.519,0.308,0.641,0.681,1.3,3.6,0.9,0.4,0.7,8.2
717,Brodric Thomas,SG,25,BOS,12,0.444,0.222,0.667,0.6,0.2,0.7,0.9,0.1,0.1,1.8
718,Cam Thomas,SG,20,BRK,67,0.433,0.27,0.52,0.829,0.2,2.2,1.2,0.5,0.1,8.5
719,Isaiah Thomas,PG,32,TOT,22,0.401,0.337,0.464,0.846,0.2,1.1,1.5,0.3,0.2,8.4
723,Matt Thomas,SG,27,CHI,40,0.41,0.385,0.465,0.8,0.1,1.2,0.5,0.2,0.1,4.0
724,Klay Thompson,SG,31,GSW,32,0.429,0.385,0.477,0.902,0.5,3.4,2.8,0.5,0.5,20.4
725,Tristan Thompson,PF,30,TOT,57,0.528,0.333,0.53,0.526,2.1,2.9,0.6,0.4,0.4,6.0
729,JT Thor,PF,19,CHO,33,0.436,0.259,0.607,0.6,0.3,1.0,0.6,0.2,0.3,2.0
730,Matisse Thybulle,SG,24,PHI,66,0.5,0.313,0.673,0.791,0.6,1.7,1.1,1.7,1.1,5.7
731,Killian Tillie,C,23,MEM,36,0.339,0.314,0.39,0.625,0.6,1.1,0.6,0.6,0.4,3.3
732,Xavier Tillman Sr.,PF,23,MEM,53,0.454,0.204,0.527,0.648,1.2,1.8,1.2,0.9,0.3,4.8
733,Isaiah Todd,PF,20,WAS,12,0.269,0.25,0.3,0.333,0.3,0.8,0.3,0.3,0.2,1.7
734,Obi Toppin,PF,23,NYK,72,0.531,0.308,0.655,0.758,1.0,2.8,1.1,0.3,0.5,9.0
735,Juan Toscano-Anderson,SF,28,GSW,73,0.489,0.322,0.588,0.571,0.4,2.0,1.7,0.7,0.2,4.1
736,Karl-Anthony Towns,C,26,MIN,74,0.529,0.41,0.58,0.822,2.6,7.2,3.6,1.0,1.1,24.6
737,Gary Trent Jr.,SG,23,TOR,70,0.414,0.383,0.445,0.853,0.4,2.4,2.0,1.7,0.3,18.3
738,P.J. Tucker,PF,36,MIA,71,0.484,0.415,0.54,0.738,1.4,4.0,2.1,0.8,0.2,7.6
739,Rayjon Tucker,SG,24,TOT,5,0.667,0.8,0.5,0.714,0.6,1.0,2.0,0.8,0.0,4.2
742,Myles Turner,C,25,IND,42,0.509,0.333,0.662,0.752,1.5,5.5,1.0,0.7,2.8,12.9
743,Jonas Valan?i?nas,C,29,NOP,74,0.544,0.361,0.581,0.82,3.1,8.3,2.6,0.6,0.8,17.8
744,Denzel Valentine,SG,28,TOT,24,0.379,0.404,0.316,0.0,0.4,1.4,0.5,0.3,0.0,2.9
747,Jarred Vanderbilt,PF,22,MIN,74,0.587,0.143,0.605,0.656,2.9,5.5,1.3,1.3,0.6,6.9
748,Fred VanVleet,PG,27,TOR,65,0.403,0.377,0.44,0.874,0.7,3.8,6.7,1.7,0.5,20.3
749,Devin Vassell,SF,21,SAS,71,0.427,0.361,0.492,0.838,0.6,3.7,1.9,1.1,0.6,12.3
750,Gabe Vincent,PG,25,MIA,68,0.417,0.368,0.5,0.815,0.3,1.5,3.1,0.9,0.2,8.7
751,Nikola Vu?evi?,C,31,CHI,73,0.473,0.314,0.537,0.76,1.9,9.1,3.2,1.0,1.0,17.6
752,Dean Wade,PF,25,CLE,51,0.456,0.359,0.64,0.667,0.6,2.3,1.0,0.6,0.1,5.3
753,Franz Wagner,SF,20,ORL,79,0.468,0.354,0.511,0.863,1.1,3.4,2.9,0.9,0.4,15.2
754,Moritz Wagner,C,24,ORL,63,0.497,0.328,0.672,0.806,0.7,3.0,1.4,0.3,0.2,9.0
755,Ish Wainright,PF,27,PHO,45,0.394,0.322,0.489,0.583,0.6,0.6,0.3,0.4,0.1,2.4
756,Kemba Walker,PG,31,NYK,37,0.403,0.367,0.444,0.845,0.4,2.6,3.5,0.7,0.2,11.6
757,Lonnie Walker IV,SG,23,SAS,70,0.407,0.314,0.487,0.784,0.3,2.3,2.2,0.6,0.3,12.1
758,M.J. Walker,SG,23,PHO,2,0.0,0.0,0.0,0.0,0.0,0.5,0.5,1.0,0.0,0.0
759,Tyrone Wallace,SG,27,NOP,6,0.35,0.25,0.417,0.2,0.0,1.3,0.2,0.5,0.2,2.8
760,Derrick Walton,PG,26,DET,3,0.231,0.231,0.231,1.0,0.7,2.7,7.0,2.3,1.3,6.3
761,Brad Wanamaker,PG,32,TOT,23,0.364,0.235,0.4,0.92,0.3,1.4,2.4,0.3,0.3,3.6
764,Duane Washington Jr.,PG,21,IND,48,0.405,0.377,0.434,0.754,0.1,1.6,1.8,0.5,0.1,9.9
765,P.J. Washington,PF,23,CHO,65,0.47,0.365,0.606,0.716,1.3,3.9,2.3,0.9,0.9,10.3
766,Yuta Watanabe,SF,27,TOR,38,0.406,0.342,0.492,0.6,0.5,1.9,0.6,0.3,0.4,4.3
767,Lindy Waters III,SG,24,OKC,25,0.406,0.363,0.621,0.8,0.2,2.7,1.0,0.8,0.3,8.0
768,Tremont Waters,PG,24,TOT,3,0.286,0.222,0.4,0.0,0.0,1.3,2.3,1.7,0.0,3.3
771,Trendon Watford,SF,21,POR,48,0.532,0.237,0.581,0.755,1.2,3.0,1.7,0.5,0.6,7.6
772,Paul Watson,SF,27,OKC,9,0.343,0.231,0.667,0.5,0.3,2.7,0.9,0.3,0.3,3.4
773,Quinndary Weatherspoon,SG,25,GSW,11,0.571,0.2,0.688,1.0,0.2,1.1,0.5,0.1,0.1,2.7
774,Russell Westbrook,PG,33,LAL,78,0.444,0.298,0.485,0.667,1.4,6.0,7.1,1.0,0.3,18.5
775,Coby White,PG,21,CHI,61,0.433,0.385,0.491,0.857,0.3,2.7,2.9,0.5,0.2,12.7
776,Derrick White,SG,27,TOT,75,0.421,0.312,0.515,0.864,0.5,3.0,4.9,0.9,0.8,13.2
779,Hassan Whiteside,C,32,UTA,65,0.652,0.0,0.652,0.623,2.6,5.0,0.4,0.3,1.6,8.2
780,Joe Wieskamp,SG,22,SAS,29,0.357,0.326,0.462,0.538,0.1,0.3,0.3,0.1,0.1,2.1
781,Aaron Wiggins,SG,23,OKC,50,0.463,0.304,0.573,0.729,1.0,2.5,1.4,0.6,0.2,8.3
782,Andrew Wiggins,SF,26,GSW,73,0.466,0.393,0.513,0.634,1.2,3.3,2.2,1.0,0.7,17.2
783,Lindell Wigginton,PG,23,MIL,19,0.426,0.346,0.486,0.543,0.2,1.2,1.2,0.3,0.1,4.2
784,Brandon Williams,PG,22,POR,24,0.372,0.292,0.42,0.701,0.8,2.3,3.9,1.0,0.4,12.9
785,Grant Williams,PF,23,BOS,77,0.475,0.411,0.569,0.905,0.8,2.7,1.0,0.5,0.7,7.8
786,Kenrich Williams,SF,27,OKC,49,0.461,0.339,0.536,0.545,1.5,3.0,2.2,0.9,0.2,7.4
787,Lou Williams,PG,35,ATL,56,0.391,0.363,0.404,0.859,0.3,1.3,1.9,0.5,0.1,6.3
788,Patrick Williams,PF,20,CHI,17,0.529,0.517,0.534,0.732,1.0,3.1,0.9,0.5,0.5,9.0
789,Robert Williams,C,24,BOS,61,0.736,0.0,0.738,0.722,3.9,5.7,2.0,0.9,2.2,10.0
790,Ziaire Williams,SF,20,MEM,62,0.45,0.314,0.632,0.782,0.4,1.7,1.0,0.6,0.2,8.1
791,D.J. Wilson,PF,25,TOR,4,0.733,0.0,0.846,0.8,0.3,3.8,1.3,1.3,0.3,7.5
792,Dylan Windler,SF,25,CLE,50,0.378,0.3,0.571,0.833,0.4,1.4,0.7,0.3,0.1,2.2
793,Justise Winslow,SF,25,TOT,48,0.428,0.227,0.497,0.591,1.0,3.2,1.8,0.7,0.5,5.7
796,Cassius Winston,PG,23,WAS,7,0.364,0.333,0.4,1.0,0.0,0.1,1.0,0.0,0.0,2.0
797,Christian Wood,C,26,HOU,68,0.501,0.39,0.57,0.623,1.6,8.5,2.3,0.8,1.0,17.9
798,Robert Woodard II,SF,22,SAC,12,0.125,0.25,0.083,1.0,0.4,0.5,0.3,0.1,0.1,0.6
799,Delon Wright,SG,29,ATL,77,0.454,0.379,0.51,0.857,0.6,2.2,2.4,1.2,0.2,4.4
800,McKinley Wright IV,PG,23,MIN,5,0.667,0.5,1.0,0.0,0.0,0.0,0.6,0.0,0.0,1.0
801,Moses Wright,PF,23,TOT,4,0.25,0.0,0.333,1.0,0.3,0.5,0.5,0.0,0.3,1.3
804,Gabe York,SG,28,IND,2,0.286,0.167,1.0,0.6,0.0,1.0,2.0,1.0,0.5,4.0
805,Thaddeus Young,PF,33,TOT,52,0.518,0.354,0.554,0.469,1.5,2.5,2.0,1.0,0.3,6.2
808,Trae Young,PG,23,ATL,76,0.46,0.382,0.512,0.904,0.7,3.1,9.7,0.9,0.1,28.4
809,Omer Yurtseven,C,23,MIA,56,0.526,0.091,0.547,0.623,1.5,3.7,0.9,0.3,0.4,5.3
810,Cody Zeller,C,29,POR,27,0.567,0.0,0.593,0.776,1.9,2.8,0.8,0.3,0.2,5.2
811,Ivica Zubac,C,24,LAC,76,0.626,0.0,0.626,0.727,2.9,5.6,1.6,0.5,1.0,10.3
