"","...1","Player","Position 1","Position 2","Age","Team","Games Played","Field Goal Percentage","3 Point Percentage","2 Point Percentage","Free Throw Percentage","Offensive Rebounds Per Game","Defensive Rebounds Per Game","Assists Per Game","Steals Per Game","Blocks Per Game","Points Per Game","Average Fantasy Points","Total Fantasy Points"
"1",0,"Precious Achiuwa","C",NA,22,"TOR",73,0.439,0.359,0.468,0.595,2,4.5,1.1,0.5,0.6,9.1,21.765,1588.845
"2",1,"Steven Adams","C",NA,28,"MEM",76,0.547,0,0.548,0.543,4.6,5.4,3.4,0.9,0.8,6.9,29.295,2226.42
"3",2,"Bam Adebayo","C",NA,24,"MIA",56,0.557,0,0.562,0.753,2.4,7.6,3.4,1.4,0.8,19.1,42.885,2401.56
"4",3,"Santi Aldama","PF",NA,21,"MEM",32,0.402,0.125,0.56,0.625,1,1.7,0.7,0.2,0.3,4.1,9.955,318.56
"5",4,"LaMarcus Aldridge","C",NA,36,"BRK",47,0.55,0.304,0.578,0.873,1.6,3.9,0.9,0.3,1,12.9,24.795,1165.365
"6",5,"Nickeil Alexander-Walker","SG",NA,23,"TOT",65,0.372,0.311,0.433,0.743,0.6,2.3,2.4,0.7,0.4,10.6,21.365,1388.725
"7",8,"Grayson Allen","SG",NA,26,"MIL",66,0.448,0.409,0.533,0.865,0.5,2.9,1.5,0.7,0.3,11.1,20.54,1355.64
"8",9,"Jarrett Allen","C",NA,23,"CLE",56,0.677,0.1,0.688,0.708,3.4,7.3,1.6,0.8,1.3,16.1,37.36,2092.16
"9",10,"Jose Alvarado","PG",NA,23,"NOP",54,0.446,0.291,0.538,0.679,0.5,1.4,2.8,1.3,0.1,6.1,16.67,900.18
"10",11,"Justin Anderson","SF",NA,28,"TOT",16,0.379,0.254,0.583,0.789,0.3,2.6,2.1,0.5,0.4,6.4,15.97,255.52
"11",14,"Kyle Anderson","PF",NA,28,"MEM",69,0.446,0.33,0.481,0.638,1,4.3,2.7,1.1,0.7,7.6,23.12,1595.28
"12",15,"Giannis Antetokounmpo","PF",NA,27,"MIL",67,0.553,0.293,0.616,0.722,2,9.6,5.8,1.1,1.4,29.9,61.365,4111.455
"13",16,"Thanasis Antetokounmpo","SF",NA,29,"MIL",48,0.547,0.143,0.596,0.63,0.8,1.3,0.5,0.3,0.3,3.6,8.55,410.4
"14",17,"Carmelo Anthony","PF",NA,37,"LAL",69,0.441,0.375,0.521,0.83,0.9,3.3,1,0.7,0.8,13.3,24.135,1665.315
"15",18,"Cole Anthony","PG",NA,21,"ORL",65,0.391,0.338,0.432,0.854,0.5,4.9,5.7,0.7,0.3,16.3,36.07,2344.55
"16",19,"OG Anunoby","SF",NA,24,"TOR",48,0.443,0.363,0.511,0.754,1.5,4,2.6,1.5,0.5,17.1,33.49,1607.52
"17",20,"Ryan Arcidiacono","PG",NA,27,"NYK",10,0.5,0.444,0.667,0,0,0.8,0.4,0.1,0,1.6,3.54,35.4
"18",21,"Trevor Ariza","SF",NA,36,"LAL",24,0.333,0.27,0.52,0.556,0.4,3,1.1,0.5,0.3,4,11.935,286.44
"19",22,"D.J. Augustin","PG",NA,34,"TOT",55,0.423,0.415,0.448,0.884,0.2,1,1.9,0.3,0,5.3,11.08,609.4
"20",25,"Deni Avdija","SF",NA,21,"WAS",82,0.432,0.317,0.525,0.757,0.6,4.5,2,0.7,0.5,8.4,21.095,1729.79
"21",26,"Joel Ayayi","SG",NA,21,"WAS",7,0.167,0,0.2,0,0.1,0.3,0.6,0,0,0.3,1.895,13.265
"22",27,"Deandre Ayton","C",NA,23,"PHO",58,0.634,0.368,0.642,0.746,2.6,7.7,1.4,0.7,0.7,17.2,35.905,2082.49
"23",28,"Udoka Azubuike","C",NA,22,"UTA",17,0.755,0,0.755,0.545,1.1,3.1,0,0.1,0.6,4.7,11.575,196.775
"24",29,"Marvin Bagley III","PF",NA,22,"TOT",48,0.504,0.237,0.579,0.663,2.2,4.9,0.8,0.5,0.4,11.3,23.73,1139.04
"25",32,"LaMelo Ball","PG",NA,20,"CHO",75,0.429,0.389,0.462,0.872,1.4,5.2,7.6,1.6,0.4,20.1,47.095,3532.125
"26",33,"Lonzo Ball","PG",NA,24,"CHI",35,0.423,0.423,0.423,0.75,1,4.4,5.1,1.8,0.9,13,35.245,1233.575
"27",34,"Mo Bamba","C",NA,23,"ORL",71,0.48,0.381,0.563,0.781,2.1,6,1.2,0.5,1.7,10.6,28.125,1996.875
"28",35,"Desmond Bane","SF",NA,23,"MEM",76,0.461,0.436,0.484,0.903,0.6,3.8,2.7,1.2,0.4,18.2,32.625,2479.5
"29",36,"Dalano Banton","SF",NA,22,"TOR",64,0.411,0.255,0.464,0.591,0.6,1.3,1.5,0.4,0.2,3.2,9.68,619.52
"30",37,"Cat Barber","PG",NA,27,"ATL",3,0,0,0,0,0.3,0.7,1,0,0,0,3.03,9.09
"31",38,"Harrison Barnes","PF",NA,29,"SAC",77,0.469,0.394,0.525,0.826,1.1,4.5,2.4,0.7,0.2,16.4,30.11,2318.47
"32",39,"Scottie Barnes","PF",NA,20,"TOR",74,0.492,0.301,0.543,0.735,2.6,4.9,3.5,1.1,0.7,15.3,35.375,2617.75
"33",40,"RJ Barrett","SF",NA,21,"NYK",70,0.408,0.342,0.442,0.714,0.9,4.9,3,0.6,0.2,20,35.01,2450.7
"34",41,"Will Barton","SG",NA,31,"DEN",71,0.438,0.365,0.504,0.803,0.6,4.2,3.9,0.8,0.4,14.7,30.83,2188.93
"35",42,"Paris Bass","SF",NA,26,"PHO",2,0.333,0,0.5,1,1,1,0,0.5,0,3,6.55,13.1
"36",43,"Charles Bassey","PF",NA,21,"PHI",23,0.638,0,0.698,0.75,1,1.7,0.3,0.2,0.7,3,9.06,208.38
"37",44,"Keita Bates-Diop","SF",NA,26,"SAS",59,0.517,0.309,0.572,0.754,1.1,2.9,0.7,0.5,0.2,5.7,13.49,795.91
"38",45,"Nicolas Batum","PF",NA,33,"LAC",59,0.463,0.4,0.607,0.658,0.5,3.8,1.7,1,0.7,8.3,20.605,1215.695
"39",46,"Kent Bazemore","SF",NA,32,"LAL",39,0.324,0.363,0.271,0.765,0.3,1.4,0.9,0.6,0.2,3.4,8.92,347.88
"40",47,"Darius Bazley","PF",NA,21,"OKC",69,0.422,0.297,0.511,0.688,1,5.3,1.4,0.8,1,10.8,25.375,1750.875
"41",48,"Bradley Beal","SG",NA,28,"WAS",40,0.451,0.3,0.508,0.833,1,3.8,6.6,0.9,0.4,23.2,44.99,1799.6
"42",49,"Malik Beasley","SG",NA,25,"MIN",79,0.391,0.377,0.432,0.817,0.3,2.5,1.5,0.5,0.2,12.1,20.23,1598.17
"43",50,"Jordan Bell","C",NA,27,"CHI",1,0,0,0,0,1,0,0,1,0,0,3.25,3.25
"44",51,"DeAndre' Bembry","SF",NA,27,"TOT",56,0.561,0.417,0.589,0.6,0.8,2.2,1.2,0.9,0.4,5.1,13.905,778.68
"45",54,"D?vis Bert?ns","PF",NA,29,"TOT",56,0.36,0.335,0.489,0.9,0.2,1.9,0.6,0.3,0.2,5.6,10.525,589.4
"46",57,"Patrick Beverley","PG",NA,33,"MIN",58,0.406,0.343,0.485,0.722,1.1,3.1,4.6,1.2,0.9,9.2,27.76,1610.08
"47",58,"Saddiq Bey","SF",NA,22,"DET",82,0.396,0.346,0.454,0.827,1.3,4.1,2.8,0.9,0.2,16.1,30.725,2519.45
"48",59,"Khem Birch","C",NA,29,"TOR",55,0.485,0,0.522,0.746,2.2,2.1,1,0.5,0.5,4.5,13.99,769.45
"49",60,"Goga Bitadze","C",NA,22,"IND",50,0.52,0.288,0.628,0.681,1.6,2,1.1,0.4,0.8,7,16.485,824.25
"50",61,"Bismack Biyombo","C",NA,29,"PHO",36,0.593,0,0.593,0.535,1.8,2.9,0.6,0.3,0.7,5.8,15.135,544.86
"51",62,"Nemanja Bjelica","C",NA,33,"GSW",71,0.468,0.362,0.549,0.728,0.9,3.3,2.2,0.6,0.4,6.1,17.595,1249.245
"52",63,"Eric Bledsoe","PG",NA,32,"LAC",54,0.421,0.313,0.479,0.761,0.5,2.9,4.2,1.3,0.4,9.9,25.725,1389.15
"53",64,"Keljin Blevins","SF",NA,26,"POR",31,0.306,0.292,0.333,0.545,0.5,0.9,0.6,0.4,0,3.1,6.825,211.575
"54",65,"Bogdan Bogdanovi?","SG",NA,29,"ATL",63,0.431,0.368,0.516,0.843,0.5,3.5,3.1,1.1,0.2,15.1,28.94,1823.22
"55",66,"Bojan Bogdanovi?","PF",NA,32,"UTA",69,0.455,0.387,0.524,0.858,0.8,3.4,1.7,0.5,0,18.1,28.06,1936.14
"56",67,"Bol Bol","PF",NA,22,"DEN",14,0.556,0.25,0.609,0.4,0.3,1.1,0.4,0.1,0.1,2.4,5.35,74.9
"57",68,"Leandro Bolmaro","SF",NA,21,"MIN",35,0.315,0.278,0.333,0.846,0.5,0.8,0.6,0.2,0,1.4,4.525,158.375
"58",69,"Isaac Bonga","SF",NA,22,"TOR",15,0.231,0.25,0.222,0.625,0.3,0.2,0.3,0.5,0.1,0.8,3.25,48.75
"59",70,"Devin Booker","SG",NA,25,"PHO",68,0.466,0.383,0.508,0.868,0.7,4.4,4.8,1.1,0.4,26.8,46.155,3138.54
"60",71,"Brandon Boston Jr.","SG",NA,20,"LAC",51,0.385,0.306,0.425,0.819,0.3,1.8,1,0.5,0.3,6.7,13.08,667.08
"61",72,"Chris Boucher","PF",NA,29,"TOR",80,0.464,0.297,0.575,0.777,2.2,3.9,0.3,0.6,0.9,9.4,21.11,1688.8
"62",73,"James Bouknight","SG",NA,21,"CHO",31,0.348,0.347,0.348,0.871,0.7,1,0.8,0.2,0,4.6,8.735,270.785
"63",74,"Avery Bradley","SG",NA,31,"LAL",62,0.423,0.39,0.471,0.889,0.5,1.7,0.8,0.9,0.1,6.4,12.83,795.46
"64",75,"Tony Bradley","C",NA,24,"CHI",55,0.585,0,0.585,0.655,1.2,2.2,0.5,0.2,0.6,3,10.005,550.275
"65",76,"Ignas Brazdeikis","SF",NA,23,"ORL",42,0.431,0.31,0.535,0.656,0.5,1.2,0.9,0.2,0.1,5,9.57,401.94
"66",77,"Mikal Bridges","SF",NA,25,"PHO",82,0.534,0.369,0.628,0.834,0.9,3.3,2.3,1.2,0.4,14.2,27.485,2253.77
"67",78,"Miles Bridges","PF",NA,23,"CHO",80,0.491,0.331,0.59,0.802,1.1,5.9,3.8,0.9,0.8,20.2,40.2,3216
"68",79,"Oshae Brissett","SF",NA,23,"IND",67,0.411,0.35,0.465,0.695,1.6,3.7,1.1,0.7,0.4,9.1,20.245,1356.415
"69",80,"Malcolm Brogdon","PG",NA,29,"IND",36,0.448,0.312,0.518,0.856,0.9,4.2,5.9,0.8,0.4,19.1,39.525,1422.9
"70",81,"Armoni Brooks","SG","PG",23,"TOT",54,0.339,0.297,0.6,0.857,0.4,1.5,1.1,0.5,0.2,5.3,11.325,611.55
"71",84,"Dillon Brooks","SF",NA,26,"MEM",32,0.432,0.309,0.48,0.849,0.9,2.3,2.8,1.1,0.3,18.4,31.22,999.04
"72",85,"Bruce Brown","SF",NA,25,"BRK",72,0.506,0.404,0.529,0.758,1.4,3.4,2.1,1.1,0.7,9,22.945,1652.04
"73",86,"Charlie Brown Jr.","SG",NA,24,"TOT",22,0.256,0.083,0.333,0.9,0.6,0.8,0.3,0.5,0.2,1.4,5.195,114.29
"74",89,"Chaundee Brown Jr.","SG","SF",23,"TOT",5,0.313,0.333,0.286,0.833,0.2,3,0.8,0.4,0,6.2,12.49,62.45
"75",92,"Greg Brown III","SF",NA,20,"POR",48,0.426,0.311,0.481,0.677,0.8,2,0.7,0.5,0.5,4.7,11.78,565.44
"76",93,"Jaylen Brown","SF",NA,25,"BOS",66,0.473,0.358,0.544,0.758,0.8,5.3,3.5,1.1,0.3,23.6,41.3,2725.8
"77",94,"Moses Brown","C",NA,22,"TOT",40,0.593,0,0.593,0.597,1,2.4,0,0.2,0.4,4.3,9.925,397
"78",97,"Sterling Brown","SG",NA,26,"DAL",49,0.381,0.304,0.492,0.933,0.5,2.5,0.7,0.3,0.1,3.3,9.11,446.39
"79",98,"Troy Brown Jr.","SF",NA,22,"CHI",66,0.419,0.353,0.488,0.769,0.6,2.5,1,0.5,0.1,4.3,11.24,741.84
"80",99,"Jalen Brunson","PG",NA,25,"DAL",79,0.502,0.373,0.545,0.84,0.5,3.4,4.8,0.8,0,16.3,32.13,2538.27
"81",100,"Thomas Bryant","C",NA,24,"WAS",27,0.52,0.286,0.613,0.875,1,3,0.9,0.2,0.8,7.4,16.535,446.445
"82",101,"Shaq Buchanan","PG",NA,25,"MEM",2,0.25,0,0.5,0,0.5,0.5,1,0.5,0,1,5.1,10.2
"83",102,"Reggie Bullock","SF",NA,30,"DAL",68,0.401,0.36,0.55,0.833,0.5,3.1,1.2,0.6,0.2,8.6,17.14,1165.52
"84",103,"Trey Burke","PG",NA,29,"DAL",42,0.391,0.317,0.436,0.87,0.1,0.7,1.4,0.3,0,5.1,9.475,397.95
"85",104,"Alec Burks","SG",NA,30,"NYK",81,0.391,0.404,0.378,0.822,0.6,4.3,3,1,0.3,11.7,26.28,2128.68
"86",105,"Jared Butler","SG",NA,21,"UTA",42,0.404,0.318,0.524,0.688,0.1,1,1.5,0.4,0.2,3.8,9.34,392.28
"87",106,"Jimmy Butler","SF",NA,32,"MIA",57,0.48,0.233,0.52,0.87,1.8,4.1,5.5,1.6,0.5,21.4,44.06,2511.42
"88",107,"Devontae Cacok","PF",NA,25,"SAS",15,0.677,0,0.677,0.571,0.5,2.3,0.4,0.5,0.5,3.1,9.515,142.725
"89",108,"Kentavious Caldwell-Pope","SG",NA,28,"WAS",77,0.435,0.39,0.48,0.89,0.5,2.9,1.9,1.1,0.3,13.2,24.285,1869.945
"90",109,"Facundo Campazzo","PG",NA,30,"DEN",65,0.361,0.301,0.476,0.769,0.4,1.4,3.4,1,0.4,5.1,16.755,1089.075
"91",110,"Vlatko ?an?ar","PF",NA,24,"DEN",15,0.561,0.583,0.552,0.643,0.5,1.5,1.1,0.1,0.2,4.1,9.39,140.85
"92",111,"Devin Cannady","PG",NA,25,"ORL",5,0.341,0.405,0,0.714,0.2,1,2,1,0.6,10,19.1,95.5
"93",112,"Clint Capela","C",NA,27,"ATL",74,0.613,0,0.614,0.473,3.8,8.1,1.2,0.7,1.3,11.1,32.59,2411.66
"94",113,"Vernon Carey Jr.","C",NA,20,"TOT",7,0.538,0,0.538,0.462,1.1,0.6,0,0.3,0.1,2.9,5.96,41.72
"95",116,"Jevon Carter","PG",NA,26,"TOT",66,0.387,0.388,0.386,0.833,0.2,1.5,1.5,0.4,0.2,4.2,10.46,690.36
"96",119,"Wendell Carter Jr.","C",NA,22,"ORL",62,0.525,0.327,0.615,0.691,2.2,8.2,2.8,0.6,0.7,15,36.06,2235.72
"97",120,"Alex Caruso","SG",NA,27,"CHI",41,0.398,0.333,0.462,0.795,0.8,2.8,4,1.7,0.4,7.4,23.79,975.39
"98",121,"Willie Cauley-Stein","C",NA,28,"TOT",20,0.457,0.5,0.455,0.5,0.7,1.4,0.5,0.3,0.2,1.7,6.295,125.9
"99",124,"Ahmad Caver","PG",NA,25,"IND",1,1,0,1,0,0,0,0,0,0,2,2.1,2.1
"100",125,"Justin Champagnie","SF",NA,20,"TOR",36,0.463,0.357,0.538,1,1,1,0.3,0.2,0.1,2.3,6.02,216.72
"101",126,"Zylan Cheatham","SF",NA,26,"UTA",1,0,0,0,0,0,0,0,0,0,0,0,0
"102",127,"Chris Chiozza","PG",NA,26,"GSW",34,0.296,0.321,0.25,0.667,0.3,0.8,1.9,0.4,0,2,7.71,262.14
"103",128,"Marquese Chriss","PF",NA,24,"DAL",34,0.463,0.32,0.495,0.667,1,2.1,0.5,0.4,0.4,4.5,11.115,377.91
"104",129,"Josh Christopher","SG",NA,20,"HOU",74,0.448,0.296,0.54,0.735,0.7,1.8,2,0.9,0.2,7.9,17.24,1275.76
"105",130,"Gary Clark","PF",NA,27,"NOP",38,0.375,0.4,0.278,0.7,0.6,1.8,0.5,0.3,0.2,2.7,7.68,291.84
"106",131,"Brandon Clarke","PF",NA,25,"MEM",64,0.644,0.227,0.666,0.654,2.1,3.2,1.3,0.6,1.1,10.4,23.58,1509.12
"107",132,"Jordan Clarkson","SG",NA,29,"UTA",79,0.419,0.318,0.535,0.828,0.8,2.6,2.5,0.8,0.2,16,27.515,2173.685
"108",133,"Nic Claxton","C",NA,22,"BRK",47,0.674,0,0.674,0.581,1.9,3.7,0.9,0.5,1.1,8.7,21.18,995.46
"109",134,"Amir Coffey","SG",NA,24,"LAC",69,0.453,0.378,0.542,0.863,0.4,2.5,1.8,0.6,0.2,9,17.855,1231.995
"110",135,"John Collins","PF",NA,24,"ATL",54,0.526,0.364,0.588,0.793,1.7,6.1,1.8,0.6,1,16.2,33.18,1791.72
"111",136,"Zach Collins","PF",NA,24,"SAS",28,0.49,0.341,0.544,0.8,1.6,3.8,2.2,0.5,0.8,7.8,21.63,605.64
"112",137,"Darren Collison","PG",NA,34,"LAL",3,0.286,0,0.5,0,0,1.3,0.7,0.3,0,1.3,4.755,14.265
"113",138,"Mike Conley","PG",NA,34,"UTA",72,0.435,0.408,0.464,0.796,0.7,2.4,5.3,1.3,0.3,13.7,31.175,2244.6
"114",139,"Pat Connaughton","SG",NA,29,"MIL",65,0.458,0.395,0.643,0.833,0.7,3.5,1.3,0.9,0.2,9.9,20,1300
"115",140,"Tyler Cook","PF",NA,24,"CHI",20,0.605,0,0.605,0.656,0.8,1.9,0.2,0.2,0.2,3.4,8.025,160.5
"116",141,"Sharife Cooper","PG",NA,20,"ATL",13,0.214,0.167,0.25,0,0,0.4,0.4,0,0,0.5,1.725,22.425
"117",142,"Petr Cornelie","PF",NA,26,"DEN",13,0.333,0.125,0.571,0.75,0.5,0.5,0.2,0.1,0.1,1.1,3.175,41.275
"118",143,"DeMarcus Cousins","C",NA,31,"TOT",48,0.46,0.303,0.554,0.76,1.5,4.1,1.5,0.7,0.4,9,21.215,1018.32
"119",146,"Robert Covington","PF","SF",31,"TOT",71,0.42,0.378,0.509,0.841,0.8,4.7,1.3,1.5,1.3,8.5,23.985,1702.935
"120",149,"Torrey Craig","SF",NA,31,"TOT",78,0.454,0.329,0.594,0.75,1.1,2.9,1.2,0.6,0.5,6.6,16.31,1272.18
"121",152,"Jae Crowder","PF",NA,31,"PHO",67,0.399,0.348,0.503,0.789,0.4,4.8,1.9,1.4,0.4,9.4,23.205,1554.735
"122",153,"Jarrett Culver","SG",NA,22,"MEM",37,0.378,0.255,0.443,0.471,0.4,0.9,0.9,0.5,0.1,3.5,8.125,300.625
"123",154,"Jarron Cumberland","SG",NA,24,"POR",3,0.5,0,1,0,0.3,0.7,0.3,0,0,0.7,2.47,7.41
"124",155,"Cade Cunningham","PG",NA,20,"DET",64,0.416,0.314,0.472,0.845,0.9,4.6,5.6,1.2,0.7,17.4,39.195,2508.48
"125",156,"Seth Curry","SG",NA,31,"TOT",64,0.487,0.422,0.553,0.872,0.3,2.8,3.6,0.8,0.2,15,28.105,1798.72
"126",159,"Stephen Curry","PG",NA,33,"GSW",64,0.437,0.38,0.527,0.923,0.5,4.7,6.3,1.3,0.4,25.5,48.06,3075.84
"127",160,"Anthony Davis","C",NA,28,"LAL",40,0.532,0.186,0.571,0.713,2.7,7.2,3.1,1.2,2.3,23.2,49.9,1996
"128",161,"Ed Davis","C",NA,32,"CLE",31,0.688,0,0.688,0.429,0.5,1.6,0.2,0.1,0.3,0.9,4.73,146.63
"129",162,"Terence Davis","SG",NA,24,"SAC",30,0.423,0.329,0.542,0.818,0.4,2.8,1.3,0.8,0.4,10.4,19.645,589.35
"130",163,"Gabriel Deck","PF",NA,26,"OKC",7,0.571,0.5,0.6,0,0.1,0.7,0.7,0.1,0,2.6,5.155,36.085
"131",164,"Dewayne Dedmon","C",NA,32,"MIA",67,0.566,0.404,0.597,0.75,1.6,4.2,0.7,0.4,0.6,6.3,17.04,1141.68
"132",165,"Sam Dekker","PF",NA,27,"TOR",1,0,0,0,0,0,0,0,0,0,0,0,0
"133",166,"Javin DeLaurier","C",NA,23,"MIL",1,0,0,0,0,0,1,0,1,0,0,3.15,3.15
"134",167,"DeMar DeRozan","PF",NA,32,"CHI",76,0.504,0.352,0.52,0.877,0.7,4.4,4.9,0.9,0.3,27.9,46.845,3560.22
"135",168,"Mamadi Diakite","PF",NA,25,"OKC",13,0.532,0,0.595,0.545,1.3,3.2,0.2,0.4,0.7,4.3,12.74,165.62
"136",169,"Cheick Diallo","C",NA,25,"DET",3,0.375,0,0.375,0.833,1.3,2.7,0,0.3,0,3.7,9.215,27.645
"137",170,"Hamidou Diallo","SG",NA,23,"DET",58,0.496,0.247,0.55,0.65,1.2,3.6,1.3,1.2,0.3,11,22.745,1319.21
"138",171,"Gorgui Dieng","C",NA,32,"ATL",44,0.473,0.426,0.545,0.731,0.7,2,0.8,0.3,0.3,3.5,9.68,425.92
"139",172,"Spencer Dinwiddie","PG",NA,28,"TOT",67,0.416,0.339,0.479,0.774,0.7,3.5,5.2,0.7,0.2,13.7,30.805,2063.935
"140",175,"Donte DiVincenzo","SG",NA,25,"TOT",42,0.351,0.339,0.373,0.843,1,3.1,2.8,1.1,0.2,9,22.145,930.09
"141",178,"Luka Don?i?","PG",NA,22,"DAL",65,0.457,0.353,0.528,0.744,0.9,8.3,8.7,1.2,0.6,28.4,60.485,3931.525
"142",179,"Luguentz Dort","SF",NA,22,"OKC",51,0.404,0.332,0.487,0.843,0.7,3.4,1.7,0.9,0.4,17.2,28.79,1468.29
"143",180,"Ayo Dosunmu","SG",NA,22,"CHI",77,0.52,0.376,0.596,0.679,0.4,2.4,3.3,0.8,0.4,8.8,21.205,1632.785
"144",181,"Damyean Dotson","SG",NA,27,"NYK",2,0.5,0,0.667,0,0,1,0.5,0,0,2,4.175,8.35
"145",182,"Devon Dotson","PG",NA,22,"CHI",11,0.478,0.222,0.643,0.556,0.1,0.7,1.4,0.1,0,2.6,6.45,70.95
"146",183,"Sekou Doumbouya","PF",NA,21,"LAL",2,0.625,0.5,0.667,0.75,1,2,0,1.5,1,7,16.4,32.8
"147",184,"Jeff Dowtin","PG",NA,24,"TOT",9,0.308,0.111,0.412,1,0.9,1.1,1.1,0.6,0.1,2.1,8.08,72.72
"148",188,"PJ Dozier","SG",NA,25,"DEN",18,0.364,0.313,0.412,0.769,0.8,2.7,1.6,0.6,0.3,5.4,14.685,264.33
"149",189,"Goran Dragi?","PG",NA,35,"TOT",21,0.377,0.254,0.466,0.818,0.6,2.5,4.1,0.9,0.2,7.5,21.385,449.085
"150",192,"Andre Drummond","C",NA,28,"TOT",73,0.57,0,0.574,0.524,3.1,6.2,1.8,1.1,0.9,7.9,27.08,1976.84
"151",195,"Chris Duarte","SG",NA,24,"IND",55,0.432,0.369,0.475,0.804,0.7,3.4,2.1,1,0.2,13.1,24.925,1370.875
"152",196,"David Duke Jr.","PG",NA,22,"BRK",22,0.361,0.243,0.423,0.81,1.4,1.7,0.8,0.6,0.3,4.7,12.07,265.54
"153",197,"Kris Dunn","PG",NA,27,"POR",14,0.431,0.091,0.473,0.944,0.6,2.9,5.6,1.6,0.2,7.6,26.125,365.75
"154",198,"Kevin Durant","PF",NA,33,"BRK",55,0.518,0.383,0.568,0.91,0.5,6.9,6.4,0.9,0.9,29.9,55.845,3071.475
"155",199,"Jaime Echenique","C",NA,24,"WAS",1,0,0,0,0,0,0,0,0,0,0,0,0
"156",200,"Anthony Edwards","SG",NA,20,"MIN",72,0.441,0.357,0.519,0.786,0.9,3.9,3.8,1.5,0.6,21.3,39.505,2844.36
"157",201,"Carsen Edwards","SG",NA,23,"DET",4,0.3,0.25,0.357,1,0.5,1,3.5,0.5,0,5.8,15.34,61.36
"158",202,"Kessler Edwards","SF",NA,21,"BRK",48,0.412,0.353,0.473,0.842,0.9,2.7,0.6,0.6,0.5,5.9,13.985,671.28
"159",203,"Rob Edwards","SG",NA,25,"OKC",2,0.25,0.25,0,0,0,1.5,0,0,0,1.5,3.3,6.6
"160",204,"CJ Elleby","SF",NA,21,"POR",58,0.393,0.294,0.462,0.714,1.1,2.8,1.5,0.6,0.3,5.8,15.41,893.78
"161",205,"Wayne Ellington","SG",NA,34,"LAL",43,0.414,0.389,0.615,0.818,0.2,1.6,0.7,0.5,0.1,6.7,11.67,501.81
"162",206,"Joel Embiid","C",NA,27,"PHI",68,0.499,0.371,0.529,0.814,2.1,9.6,4.2,1.1,1.5,30.6,59.515,4047.02
"163",207,"James Ennis III","SF",NA,31,"TOT",7,0.458,0.375,0.5,0.8,0.7,1,0.4,0.3,0.3,4.1,8.42,58.94
"164",211,"Drew Eubanks","C",NA,24,"TOT",71,0.596,0.217,0.621,0.762,1.8,3.5,1.2,0.4,0.6,7.7,18.88,1340.48
"165",214,"Tacko Fall","C",NA,26,"CLE",11,0.417,0,0.417,0.286,0.6,1.5,0.2,0,0.5,1.1,5.25,57.75
"166",215,"Derrick Favors","C",NA,30,"OKC",39,0.516,0.125,0.554,0.64,1.5,3.2,0.6,0.4,0.3,5.3,13.78,537.42
"167",216,"Bruno Fernando","C",NA,23,"TOT",30,0.655,0.5,0.66,0.625,0.6,1.2,0.2,0,0.4,2.9,6.545,196.35
"168",219,"Dorian Finney-Smith","PF",NA,28,"DAL",80,0.471,0.395,0.599,0.675,1.5,3.2,1.9,1.1,0.5,11,24.07,1925.6
"169",220,"Malik Fitts","PF",NA,24,"TOT",15,0.421,0.5,0.333,0,0.1,1,0.3,0,0,1.4,3.3,49.5
"170",223,"Malachi Flynn","PG",NA,23,"TOR",44,0.393,0.333,0.452,0.625,0.2,1.2,1.6,0.5,0.1,4.3,10.355,455.62
"171",224,"Bryn Forbes","SG",NA,28,"TOT",75,0.429,0.414,0.447,0.908,0.1,1.1,1,0.3,0.1,8.8,13.33,999.75
"172",227,"Aleem Ford","SF",NA,24,"ORL",5,0.3,0.133,0.8,0,0.4,2.6,0.4,0.2,0,2.8,7.57,37.85
"173",228,"Trent Forrest","PG",NA,23,"UTA",60,0.49,0.185,0.555,0.792,0.4,1.3,1.8,0.5,0.1,3.3,10.04,602.4
"174",229,"Evan Fournier","SG",NA,29,"NYK",80,0.417,0.389,0.465,0.708,0.4,2.2,2.1,1,0.3,14.1,24.47,1957.6
"175",230,"De'Aaron Fox","PG",NA,24,"SAC",59,0.473,0.297,0.524,0.75,0.4,3.5,5.6,1.2,0.4,23.2,42.645,2516.055
"176",231,"Melvin Frazier","SG",NA,25,"OKC",3,0.271,0.048,0.444,0.714,1.7,2.7,0.3,0.3,0,10.7,17.62,52.86
"177",232,"Tim Frazier","PG",NA,31,"TOT",12,0.311,0.353,0.286,0.556,0.4,1.2,2.8,0.3,0.1,3.3,11.375,136.5
"178",235,"Enes Freedom","C",NA,29,"BOS",35,0.526,0.4,0.533,0.857,1.7,2.8,0.2,0.1,0.4,3.7,10.8,378
"179",236,"Markelle Fultz","PG",NA,23,"ORL",18,0.474,0.235,0.5,0.806,0.2,2.5,5.5,1.1,0.3,10.8,27.59,496.62
"180",237,"Wenyen Gabriel","PF",NA,24,"TOT",26,0.491,0.286,0.561,0.595,1.5,2.2,0.5,0.2,0.4,5.4,12.4,322.4
"181",241,"Daniel Gafford","C",NA,23,"WAS",72,0.693,0,0.695,0.699,2.2,3.5,0.9,0.4,1.4,9.4,22.61,1627.92
"182",242,"Danilo Gallinari","PF",NA,33,"ATL",66,0.434,0.381,0.485,0.904,0.5,4.1,1.5,0.4,0.2,11.7,21.7,1432.2
"183",243,"Langston Galloway","SG",NA,30,"TOT",7,0.231,0.125,0.4,0,0.4,2.1,1.7,0.1,0,2,8.36,58.52
"184",246,"Darius Garland","PG",NA,22,"CLE",68,0.462,0.383,0.512,0.892,0.6,2.7,8.6,1.3,0.1,21.7,45.4,3087.2
"185",247,"Marcus Garrett","SG",NA,23,"MIA",12,0.238,0.25,0.235,0.4,0.8,1.2,0.6,0.4,0.3,1.1,6.195,74.34
"186",248,"Usman Garuba","PF",NA,19,"HOU",24,0.432,0.25,0.583,0.714,0.9,2.6,0.7,0.4,0.5,2,9.56,229.44
"187",249,"Luka Garza","C",NA,23,"DET",32,0.449,0.327,0.51,0.623,1.8,1.3,0.6,0.3,0.2,5.8,12.045,385.44
"188",250,"Rudy Gay","PF",NA,35,"UTA",55,0.414,0.345,0.494,0.785,1,3.4,1,0.5,0.3,8.1,17.265,949.575
"189",251,"Paul George","SF",NA,31,"LAC",31,0.421,0.354,0.467,0.858,0.4,6.5,5.7,2.2,0.4,24.3,49.435,1532.485
"190",252,"Taj Gibson","C",NA,36,"NYK",52,0.518,0.395,0.555,0.808,1.7,2.7,0.6,0.4,0.8,4.4,13.76,715.52
"191",253,"Josh Giddey","SG",NA,19,"OKC",54,0.419,0.263,0.492,0.709,1.8,6,6.4,0.9,0.4,12.5,36.915,1993.41
"192",254,"Shai Gilgeous-Alexander","PG",NA,23,"OKC",56,0.453,0.3,0.514,0.81,0.7,4.3,5.9,1.3,0.8,24.5,47.06,2635.36
"193",255,"Anthony Gill","PF",NA,29,"WAS",44,0.569,0.538,0.578,0.808,0.8,1.2,0.6,0.1,0.3,4.1,8.745,384.78
"194",256,"Freddie Gillespie","PF",NA,24,"ORL",9,0.409,0,0.429,0.429,1.4,2.6,0.6,0.3,1,2.3,11.365,102.285
"195",257,"Rudy Gobert","C",NA,29,"UTA",66,0.713,0,0.718,0.69,3.7,11,1.1,0.7,2.1,15.6,42.34,2794.44
"196",258,"Brandon Goodwin","PG",NA,26,"CLE",36,0.416,0.345,0.455,0.632,0.4,1.5,2.5,0.7,0,4.8,13.29,478.44
"197",259,"Jordan Goodwin","SG",NA,23,"WAS",2,0,0,0,0,0,0.5,0,0,0,0,0.575,1.15
"198",260,"Aaron Gordon","PF",NA,26,"DEN",75,0.52,0.335,0.605,0.743,1.7,4.2,2.5,0.6,0.6,15,30.03,2252.25
"199",261,"Eric Gordon","SG",NA,33,"HOU",57,0.475,0.412,0.548,0.778,0.3,1.7,2.7,0.5,0.3,13.4,23.145,1319.265
"200",262,"Devonte' Graham","PG",NA,26,"NOP",76,0.363,0.341,0.413,0.843,0.5,1.8,4.2,0.9,0.2,11.9,25.26,1919.76
"201",263,"Jerami Grant","PF",NA,27,"DET",47,0.426,0.358,0.465,0.838,0.6,3.5,2.4,0.9,1,19.2,33.675,1582.725
"202",264,"Hassani Gravett","PG",NA,25,"ORL",8,0.474,0.423,0.583,0.75,0.1,2.5,2.5,0.6,0.1,6.3,15.69,125.52
"203",265,"Danny Green","SF",NA,34,"PHI",62,0.394,0.38,0.469,0.786,0.5,2,1,1,0.6,5.9,14.47,897.14
"204",266,"Draymond Green","PF",NA,31,"GSW",46,0.525,0.296,0.586,0.659,1,6.3,7,1.3,1.1,7.5,34.67,1594.82
"205",267,"Jalen Green","SG",NA,19,"HOU",67,0.426,0.343,0.502,0.797,0.5,2.9,2.6,0.7,0.3,17.3,29.085,1948.695
"206",268,"JaMychal Green","PF",NA,31,"DEN",67,0.486,0.266,0.621,0.871,1.2,3,0.9,0.6,0.4,6.4,15.535,1040.845
"207",269,"Javonte Green","SF",NA,28,"CHI",65,0.542,0.356,0.625,0.833,1.4,2.8,0.9,1,0.5,7.2,17.445,1133.925
"208",270,"Jeff Green","C",NA,35,"DEN",75,0.524,0.315,0.62,0.833,0.5,2.5,1.3,0.4,0.4,10.3,18.52,1389
"209",271,"Josh Green","SG",NA,21,"DAL",67,0.508,0.359,0.573,0.689,0.8,1.6,1.2,0.7,0.2,4.8,12,804
"210",272,"Blake Griffin","PF",NA,32,"BRK",56,0.425,0.262,0.565,0.724,1.1,3,1.9,0.5,0.3,6.4,16.81,941.36
"211",273,"Quentin Grimes","SG",NA,21,"NYK",46,0.404,0.381,0.5,0.684,0.5,1.5,1,0.7,0.2,6,12.4,570.4
"212",274,"Kyle Guy","SG",NA,24,"MIA",19,0.4,0.35,0.48,0.667,0.2,0.7,0.9,0.4,0.1,3.9,7.865,149.435
"213",275,"Rui Hachimura","PF",NA,23,"WAS",42,0.491,0.447,0.512,0.697,0.6,3.2,1.1,0.5,0.2,11.3,19.83,832.86
"214",276,"Tyrese Haliburton","SG","PG",21,"TOT",77,0.473,0.414,0.517,0.842,0.8,3.2,8.2,1.7,0.6,15.3,40.815,3142.755
"215",279,"Tyler Hall","SG",NA,24,"NYK",1,0,0,0,0,0,0,0,0,0,0,0,0
"216",280,"R.J. Hampton","SG",NA,20,"ORL",64,0.383,0.35,0.405,0.641,0.4,2.7,2.5,0.7,0.2,7.6,18.11,1159.04
"217",281,"Tim Hardaway Jr.","SG",NA,29,"DAL",42,0.394,0.336,0.473,0.757,0.3,3.4,2.2,0.9,0.1,14.2,25.315,1063.23
"218",282,"James Harden","PG","SG",32,"TOT",65,0.41,0.33,0.476,0.877,0.8,6.8,10.3,1.3,0.6,22,55.075,3579.875
"219",285,"Maurice Harkless","SF",NA,28,"SAC",47,0.459,0.307,0.65,0.714,0.3,2.1,0.5,0.6,0.5,4.6,10.995,516.765
"220",286,"Jared Harper","PG",NA,24,"NOP",5,0.538,0.417,0.643,1,0.4,0,2.8,0.8,0.2,7.4,15.55,77.75
"221",287,"Montrezl Harrell","C",NA,28,"TOT",71,0.645,0.235,0.658,0.716,2.1,4,2,0.4,0.6,13.1,26.98,1915.58
"222",290,"Gary Harris","SG",NA,27,"ORL",61,0.434,0.384,0.494,0.874,0.6,1.4,1.8,1,0.1,11.1,19.595,1195.295
"223",291,"Joe Harris","SF",NA,30,"BRK",14,0.452,0.466,0.417,0.833,0.4,3.6,1,0.5,0.1,11.3,19.605,274.47
"224",292,"Tobias Harris","PF",NA,29,"PHI",73,0.482,0.367,0.525,0.842,1.1,5.7,3.5,0.6,0.6,17.2,35.165,2567.045
"225",293,"Shaquille Harrison","SG",NA,28,"BRK",2,0.333,0,0.5,0,0.5,1.5,1.5,0.5,0.5,2,9.475,18.95
"226",294,"Josh Hart","SG","SF",26,"TOT",54,0.504,0.343,0.601,0.758,1.1,6,4.1,1.1,0.2,14.9,34.205,1847.07
"227",297,"Isaiah Hartenstein","C",NA,23,"LAC",68,0.626,0.467,0.64,0.689,1.7,3.2,2.4,0.7,1.1,8.3,23.11,1571.48
"228",298,"Udonis Haslem","C",NA,41,"MIA",13,0.452,0.25,0.481,1,0.3,1.6,0.3,0.1,0.1,2.5,5.845,75.985
"229",299,"Sam Hauser","SF",NA,24,"BOS",26,0.46,0.432,0.667,0,0.2,0.9,0.4,0,0.1,2.5,4.9,127.4
"230",300,"Jaxson Hayes","C",NA,21,"NOP",70,0.616,0.351,0.66,0.766,1.6,2.9,0.6,0.5,0.8,9.3,19.21,1344.7
"231",301,"Killian Hayes","PG",NA,20,"DET",66,0.383,0.263,0.452,0.77,0.5,2.6,4.2,1.2,0.5,6.9,22.28,1470.48
"232",302,"Gordon Hayward","SF",NA,31,"CHO",49,0.459,0.391,0.496,0.846,0.8,3.8,3.6,1,0.4,15.9,31.725,1554.525
"233",303,"Aaron Henry","SF",NA,22,"PHI",6,0.2,0,0.25,0,0,0.2,0,0,0.3,0.3,1.295,7.77
"234",304,"Juancho Hernangómez","PF",NA,26,"TOT",40,0.415,0.348,0.541,0.559,0.7,1.8,0.5,0.4,0.3,3.3,8.885,355.4
"235",308,"Willy Hernangómez","C",NA,27,"NOP",50,0.52,0.333,0.527,0.773,2.9,3.9,1.3,0.4,0.4,9.1,21.87,1093.5
"236",309,"Tyler Herro","SG",NA,22,"MIA",66,0.447,0.399,0.477,0.868,0.5,4.5,4,0.7,0.1,20.7,36.585,2414.61
"237",310,"Buddy Hield","SG",NA,29,"TOT",81,0.406,0.366,0.482,0.874,0.8,3.5,2.8,0.9,0.3,15.6,29.135,2359.935
"238",313,"Haywood Highsmith","SF",NA,25,"MIA",19,0.348,0.321,0.389,0.4,0.5,0.8,0.3,0.1,0.2,2.3,5.215,99.085
"239",314,"George Hill","SG",NA,35,"MIL",54,0.429,0.306,0.546,0.919,0.7,2.2,2.2,0.8,0.1,6.2,15.835,855.09
"240",315,"Malcolm Hill","SF","SG",26,"TOT",19,0.462,0.361,0.688,0.786,0.6,1.3,0.4,0.4,0.2,3.8,8.275,157.225
"241",318,"Solomon Hill","PF",NA,30,"ATL",13,0.15,0.154,0.143,0,0.5,1.3,0.9,0.3,0.2,0.6,5.515,71.695
"242",319,"Nate Hinton","SG",NA,22,"IND",2,0,0,0,0,0,0,0,0,0,0,0,0
"243",320,"Jaylen Hoard","SF",NA,22,"OKC",7,0.489,0.36,0.538,0.429,4.3,7.7,2.4,0.9,0.7,14.7,37.655,263.585
"244",321,"Aaron Holiday","PG",NA,25,"TOT",63,0.447,0.379,0.477,0.868,0.4,1.6,2.4,0.7,0.1,6.3,15.045,947.835
"245",324,"Jrue Holiday","PG",NA,31,"MIL",67,0.501,0.411,0.547,0.761,1,3.5,6.8,1.6,0.4,18.3,41.27,2765.09
"246",325,"Justin Holiday","SF","SG",32,"TOT",74,0.394,0.367,0.467,0.806,0.4,2.2,1.7,0.8,0.4,10.1,19.38,1434.12
"247",328,"Richaun Holmes","C",NA,28,"SAC",45,0.66,0.4,0.664,0.778,2.1,5,1.1,0.4,0.9,10.4,24.38,1097.1
"248",329,"Rodney Hood","SF","SG",29,"TOT",52,0.369,0.33,0.424,0.895,0.3,1.2,0.7,0.3,0.1,3.1,7.155,372.06
"249",332,"Scotty Hopson","SG",NA,32,"OKC",1,0.5,0,0.667,0,0,1,1,0,0,4,7.2,7.2
"250",333,"Al Horford","C",NA,35,"BOS",69,0.467,0.336,0.582,0.842,1.6,6.1,3.4,0.7,1.3,10.2,30.665,2115.885
"251",334,"Talen Horton-Tucker","SG",NA,21,"LAL",60,0.416,0.269,0.492,0.8,0.6,2.6,2.7,1,0.5,10,22.485,1349.1
"252",335,"Danuel House Jr.","SF",NA,28,"TOT",42,0.404,0.376,0.444,0.759,0.4,2.2,1,0.5,0.4,5.9,13.075,549.15
"253",339,"Dwight Howard","C",NA,36,"LAL",60,0.612,0.533,0.618,0.658,2,4,0.6,0.6,0.6,6.2,17.42,1045.2
"254",340,"Markus Howard","SG",NA,22,"DEN",31,0.386,0.4,0.355,0.87,0.1,0.3,0.2,0.3,0,4.1,5.745,178.095
"255",341,"Kevin Huerter","SG",NA,23,"ATL",74,0.454,0.389,0.53,0.808,0.4,3,2.7,0.7,0.4,12.1,24.05,1779.7
"256",342,"Jay Huff","C",NA,23,"LAL",4,0,0,0,0,0.3,0.8,0.3,0.3,0.3,0,3.2,12.8
"257",343,"Elijah Hughes","SG","SF",23,"TOT",36,0.326,0.263,0.449,0.778,0.2,1.4,0.6,0.4,0.2,3.5,7.945,286.02
"258",346,"Feron Hunt","SF",NA,22,"NYK",2,0,0,0,0,0.5,0,0.5,0.5,0,0,2.55,5.1
"259",347,"De'Andre Hunter","SF",NA,24,"ATL",53,0.442,0.379,0.474,0.765,0.5,2.8,1.3,0.7,0.4,13.4,22.72,1204.16
"260",348,"Chandler Hutchison","SF",NA,25,"PHO",6,0.5,0,0.5,1,0,0.8,0.3,0,0,0.7,2.21,13.26
"261",349,"Bones Hyland","PG",NA,21,"DEN",69,0.403,0.366,0.465,0.856,0.2,2.5,2.8,0.6,0.3,10.1,20.86,1439.34
"262",350,"Serge Ibaka","C","PF",32,"TOT",54,0.5,0.374,0.563,0.727,1.1,3.5,0.9,0.2,0.6,6.8,16.105,869.67
"263",353,"Andre Iguodala","SF",NA,38,"GSW",31,0.38,0.23,0.617,0.75,0.7,2.5,3.7,0.9,0.7,4,18.345,568.695
"264",354,"Joe Ingles","SF",NA,34,"UTA",45,0.404,0.347,0.617,0.773,0.3,2.6,3.5,0.5,0.1,7.2,18.65,839.25
"265",355,"Brandon Ingram","SF",NA,24,"NOP",55,0.461,0.327,0.501,0.826,0.6,5.2,5.6,0.6,0.5,22.7,43.375,2385.625
"266",356,"Kyrie Irving","PG",NA,29,"BRK",29,0.469,0.418,0.501,0.915,0.6,3.8,5.8,1.4,0.6,27.4,48.92,1418.68
"267",357,"Wes Iwundu","SF",NA,27,"ATL",3,0.444,0.6,0.385,0.75,1,3.3,0,0.3,0,7.3,13.31,39.93
"268",358,"Frank Jackson","PG",NA,23,"DET",53,0.402,0.308,0.529,0.827,0.4,1.3,1,0.5,0.2,10.6,16.475,873.175
"269",359,"Isaiah Jackson","PF",NA,20,"IND",36,0.563,0.313,0.584,0.682,1.7,2.5,0.3,0.7,1.4,8.3,19.17,690.12
"270",360,"Jaren Jackson Jr.","PF",NA,22,"MEM",78,0.415,0.319,0.476,0.823,1.5,4.3,1.1,0.9,2.3,16.3,33.52,2614.56
"271",361,"Josh Jackson","SF",NA,24,"TOT",51,0.4,0.254,0.512,0.714,0.4,2.4,1.1,0.5,0.4,6.4,14.015,714.765
"272",364,"Justin Jackson","SF",NA,26,"TOT",7,0.333,0.333,0.333,1,0.1,0.9,0.3,0,0,2.1,3.92,27.44
"273",367,"Reggie Jackson","SG",NA,31,"LAC",75,0.392,0.326,0.439,0.847,0.5,3.1,4.8,0.7,0.2,16.8,32.61,2445.75
"274",368,"LeBron James","SF",NA,37,"LAL",56,0.524,0.359,0.62,0.756,1.1,7.1,6.2,1.3,1.1,30.3,58.175,3257.8
"275",369,"DeJon Jarreau","SG",NA,24,"IND",1,0,0,0,0,0,0,0,0,0,0,0,0
"276",370,"DaQuan Jeffries","SG",NA,24,"MEM",3,0.5,0,1,0,0,0.7,0.3,0,0,0.7,2.095,6.285
"277",371,"Ty Jerome","SG",NA,24,"OKC",48,0.378,0.29,0.493,0.809,0.4,1.2,2.3,0.6,0.1,7.1,15.04,721.92
"278",372,"Isaiah Joe","SG",NA,22,"PHI",55,0.35,0.333,0.405,0.935,0.1,0.9,0.6,0.3,0.1,3.6,6.9,379.5
"279",373,"Alize Johnson","PF",NA,25,"TOT",23,0.436,0,0.486,0.583,1.2,1.4,0.4,0.2,0,1.8,6.14,141.22
"280",377,"B.J. Johnson","SF",NA,26,"ORL",4,0.44,0.4,0.467,0,1.5,2.3,0,0,0.3,6.5,12.095,48.38
"281",378,"Cameron Johnson","PF",NA,25,"PHO",66,0.46,0.425,0.523,0.86,0.6,3.5,1.5,0.9,0.2,12.5,22.975,1516.35
"282",379,"David Johnson","SG",NA,20,"TOR",2,0,0,0,0,0,0,0,0,0,0,0,0
"283",380,"Jalen Johnson","PF",NA,20,"ATL",22,0.537,0.231,0.679,0.714,0.1,1.1,0.1,0.1,0.1,2.4,4.545,99.99
"284",381,"James Johnson","PF",NA,34,"BRK",62,0.469,0.271,0.545,0.527,0.8,2.6,2.1,0.5,0.5,5.5,15.9,985.8
"285",382,"Joe Johnson","SG",NA,40,"BOS",1,1,0,1,0,0,0,0,0,0,2,2.1,2.1
"286",383,"Keldon Johnson","SF",NA,22,"SAS",75,0.466,0.398,0.51,0.756,1.1,5,2.1,0.8,0.2,17,30.96,2322
"287",384,"Keon Johnson","SG",NA,19,"TOT",37,0.353,0.34,0.36,0.804,0.6,1.5,2.1,0.8,0.3,7.2,16.27,601.99
"288",387,"Stanley Johnson","PF",NA,25,"LAL",48,0.466,0.314,0.575,0.716,0.7,2.5,1.7,0.9,0.3,6.7,16.48,791.04
"289",388,"Tyler Johnson","PG",NA,29,"TOT",6,0.3,0.385,0.143,0,0.5,1.5,1.2,0.5,0.5,2.8,9.76,58.56
"290",391,"Nikola Joki?","C",NA,26,"DEN",74,0.583,0.337,0.652,0.81,2.8,11,7.9,1.5,0.9,27.1,64.47,4770.78
"291",392,"Carlik Jones","PG",NA,24,"TOT",5,0.111,0,0.125,1,0.2,0.4,1,0.2,0,0.8,3.8,19
"292",395,"Damian Jones","C",NA,26,"SAC",56,0.658,0.345,0.696,0.718,1.3,3.1,1.2,0.5,0.8,8.1,18.915,1059.24
"293",396,"Derrick Jones Jr.","PF",NA,24,"CHI",51,0.538,0.328,0.634,0.8,1.2,2.1,0.6,0.5,0.6,5.6,13.405,683.655
"294",397,"Herbert Jones","PF",NA,23,"NOP",78,0.476,0.337,0.533,0.84,1.3,2.5,2.1,1.7,0.8,9.5,23.76,1853.28
"295",398,"Jemerrio Jones","SF",NA,26,"LAL",2,0.667,0,0.667,0,1,0.5,0,0.5,0,2,4.925,9.85
"296",399,"Kai Jones","C",NA,21,"CHO",21,0.643,0.5,0.667,0.375,0.1,0.4,0.2,0,0.1,1,2.255,47.355
"297",400,"Mason Jones","SG",NA,23,"LAL",4,0.467,0.25,0.545,0.8,0.3,2.3,1,0.5,0,6.8,13.01,52.04
"298",401,"Tre Jones","PG",NA,22,"SAS",69,0.49,0.196,0.542,0.78,0.4,1.8,3.4,0.6,0.1,6,16.61,1146.09
"299",402,"Tyus Jones","PG",NA,25,"MEM",73,0.451,0.39,0.487,0.818,0.2,2.2,4.4,0.9,0,8.7,21.855,1595.415
"300",403,"DeAndre Jordan","C",NA,33,"TOT",48,0.643,0,0.643,0.55,1.7,3.8,0.4,0.3,0.7,4.3,14.1,676.8
"301",406,"Cory Joseph","PG",NA,30,"DET",65,0.445,0.414,0.465,0.885,0.4,2.2,3.6,0.6,0.3,8,20.04,1302.6
"302",407,"Georgios Kalaitzakis","SF",NA,23,"TOT",13,0.463,0.385,0.512,0.467,0.5,1.2,0.9,0.8,0.2,6.6,12.7,165.1
"303",410,"Frank Kaminsky","C",NA,28,"PHO",9,0.545,0.333,0.608,0.9,1.2,3.3,1.4,0.9,0.8,10.6,22.815,205.335
"304",411,"Luke Kennard","SG",NA,25,"LAC",70,0.449,0.449,0.449,0.896,0.3,3,2.1,0.6,0.1,11.9,21.655,1515.85
"305",412,"Braxton Key","SF",NA,24,"TOT",11,0.458,0.286,0.529,0.538,1.2,3.4,1,0.9,1,7.2,19.12,210.32
"306",415,"George King","SF",NA,28,"DAL",4,0,0,0,0.5,0,1.3,0,0,0,0.3,1.81,7.24
"307",416,"Louis King","SF",NA,22,"SAC",10,0.319,0.296,0.35,0.7,0,1.2,0.9,0.2,0.1,4.5,8.42,84.2
"308",417,"Corey Kispert","SF",NA,22,"WAS",77,0.455,0.35,0.629,0.871,0.7,2,1.1,0.5,0.3,8.2,15.57,1198.89
"309",418,"Maxi Kleber","PF",NA,30,"DAL",59,0.398,0.325,0.586,0.708,1.2,4.7,1.2,0.5,1,7,19.975,1178.525
"310",419,"Brandon Knight","PG",NA,30,"DAL",5,0.4,0.235,0.75,1,0,1.6,1.6,0.2,0,6.4,11.92,59.6
"311",420,"Nathan Knight","PF",NA,24,"MIN",37,0.511,0.308,0.547,0.733,0.9,1.4,0.6,0.2,0.2,3.7,8.63,319.31
"312",421,"Kevin Knox","SF",NA,22,"TOT",30,0.365,0.278,0.516,0.727,0.5,1,0.3,0.1,0.1,3.1,6.035,181.05
"313",424,"John Konchar","SG",NA,25,"MEM",72,0.515,0.413,0.61,0.551,1.2,3.4,1.5,0.6,0.3,4.8,15.175,1092.6
"314",425,"Furkan Korkmaz","SG",NA,24,"PHI",67,0.387,0.289,0.515,0.81,0.3,2.3,1.9,0.5,0.1,7.6,15.765,1056.255
"315",426,"Luke Kornet","C",NA,26,"TOT",15,0.481,0,0.591,0.667,0.9,1.1,0.6,0.2,0.2,2,6.5,97.5
"316",430,"Vit Krejci","SG",NA,21,"OKC",30,0.407,0.327,0.522,0.864,0.6,2.8,1.9,0.6,0.3,6.2,15.945,478.35
"317",431,"Arnoldas Kulboka","SF",NA,24,"CHO",2,0,0,0,0,0,0,0,0,0,0,0,0
"318",432,"Jonathan Kuminga","SF",NA,19,"GSW",70,0.513,0.336,0.598,0.684,0.8,2.6,0.9,0.4,0.3,9.3,16.97,1187.9
"319",433,"Kyle Kuzma","PF",NA,26,"WAS",66,0.452,0.341,0.526,0.712,1.1,7.4,3.5,0.6,0.9,17.1,37.765,2492.49
"320",434,"Anthony Lamb","SF",NA,24,"SAS",2,0,0,0,0,0,0.5,1,0,0,0,2.425,4.85
"321",435,"Jeremy Lamb","SF","SG",29,"TOT",56,0.383,0.324,0.441,0.84,0.5,2.3,1.4,0.6,0.4,7.3,15.725,880.6
"322",438,"Jock Landale","C",NA,26,"SAS",54,0.495,0.326,0.626,0.829,1.2,1.4,0.8,0.2,0.3,4.9,10.885,587.79
"323",439,"Romeo Langford","SG",NA,22,"TOT",48,0.435,0.341,0.509,0.548,0.6,1.6,0.4,0.5,0.3,4.5,9.805,470.64
"324",442,"Zach LaVine","SF",NA,26,"CHI",67,0.476,0.389,0.534,0.853,0.3,4.3,4.5,0.6,0.3,24.4,41.215,2761.405
"325",443,"Jake Layman","SF",NA,27,"MIN",34,0.411,0.229,0.579,0.722,0.2,0.9,0.3,0.2,0.1,2.4,5.01,170.34
"326",444,"Damion Lee","SG",NA,29,"GSW",63,0.441,0.337,0.541,0.88,0.4,2.8,1,0.6,0.1,7.4,14.79,931.77
"327",445,"Saben Lee","PG",NA,22,"DET",37,0.39,0.233,0.47,0.789,0.5,1.9,2.9,1,0.3,5.6,16.805,621.785
"328",446,"Alex Len","C",NA,28,"SAC",39,0.534,0.286,0.568,0.651,1.3,2.8,1.2,0.3,0.6,6,15.465,603.135
"329",447,"Caris LeVert","SG",NA,27,"TOT",58,0.444,0.32,0.497,0.756,0.7,2.9,4.3,0.9,0.4,17,32.815,1903.27
"330",450,"Kira Lewis Jr.","PG",NA,20,"NOP",24,0.404,0.224,0.523,0.833,0.4,1.3,2,0.5,0,5.9,12.89,309.36
"331",451,"Scottie Lewis","SG",NA,21,"CHO",2,0,0,0,0.5,0,0,0.5,0.5,0,0.5,2.45,4.9
"332",452,"Damian Lillard","PG",NA,31,"POR",29,0.402,0.324,0.485,0.878,0.4,3.7,7.3,0.6,0.4,24,45.66,1324.14
"333",453,"Nassir Little","SF",NA,21,"POR",42,0.46,0.331,0.584,0.734,1.4,4.2,1.3,0.6,0.9,9.8,22.725,954.45
"334",454,"Isaiah Livers","SF",NA,23,"DET",19,0.456,0.422,0.538,0.857,0.8,2.2,1.1,0.7,0.4,6.4,14.685,279.015
"335",455,"Kevon Looney","C",NA,25,"GSW",82,0.571,0,0.573,0.6,2.5,4.7,2,0.6,0.6,6,21.23,1740.86
"336",456,"Brook Lopez","C",NA,33,"MIL",13,0.466,0.358,0.538,0.87,1.5,2.6,0.5,0.6,1.2,12.4,23.01,299.13
"337",457,"Robin Lopez","C",NA,33,"ORL",36,0.553,0.333,0.56,0.593,1.9,1.6,1.5,0.1,0.5,7.1,15.895,572.22
"338",458,"Didi Louzada","SG","SF",22,"TOT",9,0.364,0.391,0.3,1,0.6,1.3,0.6,0.2,0.2,3.9,8.35,75.15
"339",461,"Kevin Love","PF",NA,33,"CLE",74,0.43,0.392,0.493,0.838,1.2,6.1,2.2,0.4,0.2,13.6,28.165,2084.21
"340",462,"Kyle Lowry","PG",NA,35,"MIA",63,0.44,0.377,0.539,0.851,0.5,4,7.5,1.1,0.3,13.4,36.12,2275.56
"341",463,"Gabriel Lundberg","SG",NA,27,"PHO",4,0.263,0.375,0.182,0,0.5,1.3,2.8,0.8,0,3.3,12.365,49.46
"342",464,"Timothé Luwawu-Cabarrot","SF",NA,26,"ATL",52,0.398,0.361,0.469,0.854,0.3,1.3,0.8,0.3,0.1,4.4,8.82,458.64
"343",465,"Trey Lyles","PF",NA,26,"TOT",75,0.466,0.321,0.552,0.802,1.2,3.9,1.2,0.4,0.4,10.5,21.03,1577.25
"344",468,"Théo Maledon","PG",NA,20,"OKC",51,0.375,0.293,0.449,0.79,0.4,2.2,2.2,0.6,0.2,7.1,16.255,829.005
"345",469,"Sandro Mamukelashvili","PF",NA,22,"MIL",41,0.496,0.423,0.556,0.818,0.9,1.1,0.5,0.2,0.2,3.8,8.205,336.405
"346",470,"Terance Mann","SF",NA,25,"LAC",81,0.484,0.365,0.535,0.78,1.3,4,2.6,0.7,0.3,10.8,24.525,1986.525
"347",471,"Tre Mann","PG",NA,20,"OKC",60,0.393,0.36,0.421,0.793,0.4,2.4,1.5,0.8,0.2,10.4,19.055,1143.3
"348",472,"Boban Marjanovi?","C",NA,33,"DAL",23,0.6,0.25,0.621,0.591,0.3,1.3,0.1,0,0.1,4.3,6.82,156.86
"349",473,"Lauri Markkanen","PF",NA,24,"CLE",61,0.445,0.358,0.548,0.868,1,4.7,1.3,0.7,0.5,14.8,27.25,1662.25
"350",474,"Naji Marshall","SF",NA,24,"NOP",55,0.405,0.2,0.537,0.796,0.7,1.9,1.1,0.6,0.1,5.7,12.53,689.15
"351",475,"Caleb Martin","SF",NA,26,"MIA",60,0.507,0.413,0.565,0.763,1.2,2.7,1.1,1,0.5,9.2,19.55,1173
"352",476,"Cody Martin","SF",NA,26,"CHO",71,0.482,0.384,0.542,0.701,1.2,2.9,2.5,1.2,0.5,7.7,21.195,1504.845
"353",477,"Kelan Martin","SF",NA,26,"TOT",30,0.409,0.293,0.5,0.692,0.6,1.3,0.7,0.4,0.3,5.7,11.075,332.25
"354",480,"Kenyon Martin Jr.","SF",NA,21,"HOU",79,0.533,0.357,0.617,0.634,1,2.7,1.3,0.4,0.5,8.8,18.05,1425.95
"355",481,"Garrison Mathews","SG",NA,25,"HOU",65,0.399,0.36,0.6,0.794,0.5,2.4,1,0.9,0.4,10,18.535,1204.775
"356",482,"Dakota Mathias","SG",NA,26,"MEM",6,0.333,0.333,0,0,0,0.3,0.2,0.2,0,1,2.165,12.99
"357",483,"Wesley Matthews","SG",NA,35,"MIL",49,0.395,0.338,0.54,0.786,0.6,1.3,0.7,0.5,0.2,5.1,10.395,509.355
"358",484,"Tyrese Maxey","PG",NA,21,"PHI",75,0.485,0.427,0.512,0.866,0.3,2.9,4.3,0.7,0.4,17.5,32.44,2433
"359",485,"Skylar Mays","SG",NA,24,"ATL",28,0.5,0.32,0.615,0.889,0.2,0.7,0.6,0.3,0,2.9,5.81,162.68
"360",486,"Miles McBride","PG",NA,21,"NYK",40,0.296,0.25,0.375,0.667,0.1,1,1,0.4,0,2.2,6.235,249.4
"361",487,"Mac McClung","SG","PG",23,"TOT",2,0.5,0.333,0.667,1,0,1.5,0.5,0.5,0.5,4,9.1,18.2
"362",490,"CJ McCollum","SG",NA,30,"TOT",62,0.46,0.388,0.509,0.682,0.9,3.5,5.1,1.1,0.4,22.1,40.99,2541.38
"363",493,"T.J. McConnell","PG",NA,29,"IND",27,0.481,0.303,0.514,0.826,0.7,2.6,4.9,1.1,0.4,8.5,25.055,676.485
"364",494,"Jaden McDaniels","PF",NA,21,"MIN",70,0.46,0.317,0.579,0.803,1.1,3.1,1.1,0.7,0.8,9.2,20.035,1402.45
"365",495,"Jalen McDaniels","SF",NA,24,"CHO",55,0.484,0.38,0.562,0.736,0.7,2.4,1.1,0.5,0.4,6.2,14.18,779.9
"366",496,"Doug McDermott","PF",NA,30,"SAS",51,0.462,0.422,0.512,0.784,0.4,1.9,1.3,0.3,0.1,11.3,17.805,908.055
"367",497,"JaVale McGee","C",NA,34,"PHO",74,0.629,0.222,0.637,0.699,2.2,4.5,0.6,0.3,1.1,9.2,22.045,1631.33
"368",498,"Cameron McGriff","SF",NA,24,"POR",3,0.357,0.333,0.375,1,2,3,1,0,0.3,4.7,13.485,40.455
"369",499,"Rodney McGruder","SG",NA,30,"DET",51,0.436,0.397,0.506,0.731,0.6,1.6,0.9,0.4,0.1,5.4,10.975,559.725
"370",500,"Alfonzo McKinnie","SF",NA,29,"CHI",17,0.393,0.333,0.441,0.25,0.8,1.2,0.3,0.1,0.2,3.5,7.31,124.27
"371",501,"JaQuori McLaughlin","PG",NA,24,"DAL",4,0,0,0,0,0,0,0.5,0,0,0,0.925,3.7
"372",502,"Jordan McLaughlin","PG",NA,25,"MIN",62,0.44,0.318,0.53,0.75,0.4,1.2,2.9,0.9,0.2,3.8,13.535,839.17
"373",503,"Ben McLemore","SG",NA,28,"POR",64,0.401,0.362,0.533,0.818,0.2,1.4,0.9,0.6,0.2,10.2,15.935,1019.84
"374",504,"De'Anthony Melton","SG",NA,23,"MEM",73,0.404,0.374,0.44,0.75,0.9,3.6,2.7,1.4,0.5,10.8,25.65,1872.45
"375",505,"Sam Merrill","SG",NA,25,"MEM",6,0.333,0.304,1,0.5,0.2,1,0.7,0,0,4.2,7.105,42.63
"376",506,"Chimezie Metu","C",NA,24,"SAC",60,0.452,0.306,0.555,0.78,0.6,5,1,0.9,0.5,8.9,20.745,1244.7
"377",507,"Khris Middleton","SF",NA,30,"MIL",66,0.443,0.373,0.494,0.89,0.6,4.8,5.4,1.2,0.3,20.1,40.515,2673.99
"378",508,"C.J. Miles","SG",NA,34,"BOS",1,0,0,0,0,0,0,0,0,0,0,0,0
"379",509,"Patty Mills","PG",NA,33,"BRK",81,0.408,0.4,0.429,0.814,0.2,1.7,2.3,0.6,0.2,11.4,20.13,1630.53
"380",510,"Paul Millsap","PF",NA,36,"TOT",33,0.391,0.229,0.463,0.708,1.2,2.2,0.9,0.3,0.4,3.5,10.97,362.01
"381",513,"Shake Milton","PG",NA,25,"PHI",55,0.429,0.323,0.481,0.836,0.5,2,2.5,0.5,0.3,8.2,17.91,985.05
"382",514,"Davion Mitchell","PG",NA,23,"SAC",75,0.418,0.316,0.48,0.659,0.4,1.8,4.2,0.7,0.3,11.5,24.565,1842.375
"383",515,"Donovan Mitchell","SG",NA,25,"UTA",67,0.448,0.355,0.533,0.853,0.8,3.4,5.3,1.5,0.2,25.9,45.41,3042.47
"384",516,"Evan Mobley","PF",NA,20,"CLE",69,0.508,0.25,0.541,0.663,2.1,6.2,2.5,0.8,1.7,15,35.98,2482.62
"385",517,"Malik Monk","SG",NA,23,"LAL",76,0.473,0.391,0.568,0.795,0.5,2.9,2.9,0.8,0.4,13.8,26.415,2007.54
"386",518,"Greg Monroe","C",NA,31,"TOT",14,0.561,0,0.561,0.522,2.1,2.4,1.6,0.6,0.7,5.4,16.965,237.51
"387",523,"Moses Moody","SG",NA,19,"GSW",52,0.437,0.364,0.548,0.778,0.3,1.2,0.4,0.1,0.2,4.4,7.815,406.38
"388",524,"Xavier Moon","SG",NA,27,"LAC",10,0.49,0.357,0.541,0.6,0.2,1.2,2.4,0.7,0.3,5.8,14.31,143.1
"389",525,"Matt Mooney","SG",NA,24,"NYK",1,0,0,0,0,0,0,0,1,0,0,2,2
"390",526,"Ja Morant","PG",NA,22,"MEM",57,0.493,0.344,0.534,0.761,1.4,4.4,6.7,1.2,0.4,27.4,51.375,2928.375
"391",527,"Juwan Morgan","PF",NA,24,"TOT",2,0.667,0.5,1,0,1,1,0.5,0,0,2.5,5.95,11.9
"392",530,"Jaylen Morris","SG",NA,26,"SAS",3,0,0,0,0.5,0,0.7,0.7,0,0,0.7,2.835,8.505
"393",531,"Marcus Morris","PF",NA,32,"LAC",54,0.434,0.367,0.478,0.872,0.5,3.9,2.1,0.5,0.3,15.4,26.915,1453.41
"394",532,"Markieff Morris","PF",NA,32,"MIA",17,0.474,0.333,0.547,0.889,1,1.6,1.4,0.4,0.1,7.6,14.71,250.07
"395",533,"Monte Morris","PG",NA,26,"DEN",75,0.484,0.395,0.545,0.869,0.4,2.7,4.4,0.7,0.2,12.6,26.875,2015.625
"396",534,"Emmanuel Mudiay","PG",NA,25,"SAC",2,0,0,0,0.75,0,0,2,0.5,0,1.5,6.275,12.55
"397",535,"Mychal Mulder","PG",NA,27,"TOT",17,0.312,0.315,0.304,1,0.1,1.3,0.3,0.2,0.1,4.1,7.13,121.21
"398",538,"Ade Murkey","SG",NA,24,"SAC",1,0,0,0,0,0,0,0,0,0,0,0,0
"399",539,"Trey Murphy III","SF",NA,21,"NOP",62,0.394,0.382,0.418,0.882,0.8,1.6,0.6,0.4,0.1,5.4,10.67,661.54
"400",540,"Dejounte Murray","PG",NA,25,"SAS",68,0.462,0.327,0.504,0.794,1.2,7.1,9.2,2,0.3,21.1,53.59,3644.12
"401",541,"Mike Muscala","C",NA,30,"OKC",43,0.456,0.429,0.506,0.842,0.5,2.5,0.5,0.4,0.6,8,15.125,650.375
"402",542,"Svi Mykhailiuk","SF",NA,24,"TOR",56,0.389,0.306,0.5,0.865,0.4,1.3,0.8,0.5,0.1,4.6,9.555,535.08
"403",543,"Abdel Nader","SF",NA,28,"PHO",14,0.343,0.286,0.381,0.6,0.3,1.6,0.5,0.6,0.3,2.4,7.61,106.54
"404",544,"Larry Nance Jr.","PF",NA,29,"TOT",46,0.522,0.329,0.599,0.702,1.6,3.8,1.8,0.9,0.4,7,19.85,913.1
"405",547,"RJ Nembhard Jr.","SG",NA,22,"CLE",14,0.333,0,0.375,0.75,0.2,0.3,0.9,0.1,0,1.1,3.615,50.61
"406",548,"Aaron Nesmith","SF",NA,22,"BOS",52,0.396,0.27,0.612,0.808,0.3,1.4,0.4,0.4,0.1,3.8,7.765,403.78
"407",549,"Raul Neto","PG",NA,29,"WAS",70,0.463,0.292,0.526,0.769,0.2,1.7,3.1,0.8,0,7.5,17.415,1219.05
"408",550,"Malik Newman","PG",NA,24,"CLE",1,0.6,0,0.75,1,0,1,1,0,0,8,11.4,11.4
"409",551,"Georges Niang","PF",NA,28,"PHI",76,0.437,0.403,0.511,0.881,0.3,2.3,1.3,0.4,0.2,9.2,16.385,1245.26
"410",552,"Daishen Nix","SG",NA,19,"HOU",24,0.403,0.269,0.488,0.533,0.3,1.1,1.7,0.6,0,3.2,9.345,224.28
"411",553,"Zeke Nnaji","PF",NA,21,"DEN",41,0.516,0.463,0.557,0.631,1.4,2.2,0.4,0.4,0.3,6.6,13.5,553.5
"412",554,"Nerlens Noel","C",NA,27,"NYK",25,0.533,0,0.561,0.7,1.9,3.7,0.9,1.2,1.2,3.4,17.265,431.625
"413",555,"Jaylen Nowell","SG",NA,22,"MIN",62,0.475,0.394,0.526,0.783,0.4,1.6,2.1,0.4,0.2,8.5,16.45,1019.9
"414",556,"Frank Ntilikina","PG",NA,23,"DAL",58,0.399,0.342,0.455,0.96,0.2,1.2,1.2,0.5,0.1,4.1,9.405,545.49
"415",557,"Jusuf Nurki?","C",NA,27,"POR",56,0.535,0.268,0.563,0.69,3,8.1,2.8,1.1,0.6,15,37.695,2110.92
"416",558,"David Nwaba","SF",NA,29,"HOU",46,0.483,0.306,0.551,0.716,0.9,2.4,0.8,0.6,0.4,5.1,12.92,594.32
"417",559,"Jordan Nwora","SF",NA,23,"MIL",62,0.403,0.348,0.455,0.837,0.6,3,1,0.4,0.3,7.9,15.895,985.49
"418",560,"Royce O'Neale","SF",NA,28,"UTA",77,0.457,0.389,0.609,0.804,0.8,3.9,2.5,1.1,0.4,7.4,21.08,1623.16
"419",561,"Semi Ojeleye","PF",NA,27,"TOT",30,0.303,0.3,0.306,0.793,0.9,1.6,0.3,0.2,0.2,3.3,7.885,236.55
"420",564,"Chuma Okeke","PF",NA,23,"ORL",70,0.376,0.318,0.48,0.846,0.7,4.3,1.7,1.4,0.6,8.6,22.295,1560.65
"421",565,"Josh Okogie","SG",NA,23,"MIN",49,0.404,0.298,0.491,0.686,0.6,0.8,0.5,0.5,0.2,2.7,6.93,339.57
"422",566,"Onyeka Okongwu","C",NA,21,"ATL",48,0.69,0,0.69,0.727,2.4,3.5,1.1,0.6,1.3,8.2,22.12,1061.76
"423",567,"Isaac Okoro","SF",NA,21,"CLE",67,0.48,0.35,0.555,0.768,1.1,1.9,1.8,0.8,0.3,8.8,18.48,1238.16
"424",568,"KZ Okpala","PF",NA,22,"MIA",21,0.435,0.346,0.488,0.727,0.5,1.4,0.7,0.2,0.3,3.7,8.565,179.865
"425",569,"Victor Oladipo","SG",NA,29,"MIA",8,0.479,0.417,0.541,0.737,0.4,2.5,3.5,0.6,0.1,12.4,24.32,194.56
"426",570,"Cameron Oliver","SF",NA,25,"ATL",2,0.667,0.333,0.75,0.667,1,2,1.5,0.5,0.5,11.5,20.65,41.3
"427",571,"Kelly Olynyk","C",NA,30,"DET",40,0.448,0.336,0.527,0.775,1.4,3.1,2.8,0.8,0.5,9.1,22.9,916
"428",572,"Eugene Omoruyi","SF",NA,24,"DAL",4,0.4,0.5,0.333,0.5,0.5,1.3,0.5,0,0,1.8,4.935,19.74
"429",573,"Miye Oni","SG",NA,24,"UTA",16,0.222,0.125,1,0,0.1,0.4,0.3,0,0,0.3,1.455,23.28
"430",574,"Cedi Osman","SF",NA,26,"CLE",66,0.432,0.357,0.559,0.664,0.4,1.8,2,0.8,0.2,10.7,19.605,1293.93
"431",575,"Daniel Oturu","C",NA,22,"TOR",3,0.5,0,0.6,0.6,0.3,1.3,0,0,0.7,3,6.77,20.31
"432",576,"Kelly Oubre Jr.","SF",NA,26,"CHO",76,0.44,0.345,0.578,0.667,1,2.9,1.1,1,0.4,15,25.37,1928.12
"433",577,"Jaysean Paige","PG",NA,27,"DET",1,0,0,0,0,0,1,1,0,0,0,3,3
"434",578,"Trayvon Palmer","SG",NA,27,"DET",1,0,0,0,0,0,2,0,0,0,0,2.3,2.3
"435",579,"Kevin Pangos","PG",NA,29,"CLE",24,0.326,0.231,0.45,0.75,0.1,0.4,1.3,0.1,0,1.6,4.87,116.88
"436",580,"Jabari Parker","PF",NA,26,"BOS",12,0.474,0.5,0.455,1,0.4,1.9,0.5,0.3,0.1,4.4,9.08,108.96
"437",581,"Eric Paschall","PF",NA,25,"UTA",58,0.485,0.37,0.583,0.767,0.5,1.3,0.6,0.2,0.1,5.8,9.97,578.26
"438",582,"Chris Paul","PG",NA,36,"PHO",65,0.493,0.317,0.559,0.837,0.3,4,10.8,1.9,0.3,14.7,44.94,2921.1
"439",583,"Cameron Payne","PG",NA,27,"PHO",58,0.409,0.336,0.449,0.843,0.4,2.6,4.9,0.7,0.3,10.8,26.045,1510.61
"440",584,"Elfrid Payton","PG",NA,27,"PHO",50,0.383,0.222,0.401,0.375,0.4,1.3,2,0.5,0.1,3,10.095,504.75
"441",585,"Gary Payton II","PG",NA,29,"GSW",71,0.616,0.358,0.754,0.603,1,2.5,0.9,1.4,0.3,7.1,16.795,1192.445
"442",586,"Norvel Pelle","C",NA,28,"UTA",3,0.6,0,0.6,0,1,1,0,0,0.3,2,5.25,15.75
"443",587,"Reggie Perry","PF",NA,21,"TOT",10,0.506,0.188,0.587,0.6,1.5,3.2,1.2,0.9,0.6,9.2,20.735,207.35
"444",590,"Jamorko Pickett","PF",NA,24,"DET",13,0.36,0.333,0.455,0.5,0.5,2,0.5,0,0.5,3.8,9.09,118.17
"445",591,"Theo Pinson","SF",NA,26,"DAL",19,0.359,0.333,0.444,1,0.1,1,0.9,0.3,0.1,2.5,6.415,121.885
"446",592,"Mason Plumlee","C",NA,31,"CHO",73,0.641,0,0.645,0.392,2.4,5.3,3.1,0.8,0.7,6.5,25.005,1825.365
"447",593,"Jakob Poeltl","C",NA,26,"SAS",68,0.618,1,0.618,0.495,3.9,5.5,2.8,0.7,1.7,13.5,36.205,2461.94
"448",594,"Aleksej Pokusevski","PF",NA,20,"OKC",61,0.408,0.289,0.498,0.7,1.2,4,2.1,0.6,0.6,7.6,20.665,1260.565
"449",595,"Yves Pons","SF",NA,22,"MEM",12,0.313,0.333,0.286,0,0.4,0.6,0.1,0.1,0.3,1.1,3.48,41.76
"450",596,"Jordan Poole","SG",NA,22,"GSW",76,0.448,0.364,0.55,0.925,0.4,3,4,0.8,0.3,18.5,33.125,2517.5
"451",597,"Kevin Porter Jr.","PG",NA,21,"HOU",61,0.415,0.375,0.456,0.642,0.7,3.7,6.2,1.1,0.4,15.6,36.18,2206.98
"452",598,"Michael Porter Jr.","SF",NA,23,"DEN",9,0.359,0.208,0.491,0.556,1,5.6,1.9,1.1,0.2,9.9,24.3,218.7
"453",599,"Otto Porter Jr.","PF",NA,28,"GSW",63,0.464,0.37,0.565,0.803,1.4,4.4,1.5,1.1,0.5,8.2,21.645,1363.635
"454",600,"Bobby Portis","C",NA,26,"MIL",72,0.479,0.393,0.533,0.752,2.5,6.6,1.2,0.7,0.7,14.6,31.415,2261.88
"455",601,"Kristaps Porzi??is","PF",NA,26,"TOT",51,0.459,0.31,0.532,0.867,2,6.1,2.3,0.7,1.6,20.2,40.38,2059.38
"456",604,"Micah Potter","C",NA,23,"DET",3,0.455,0,0.556,1,1.3,1.7,0,0.3,0.3,4,9.13,27.39
"457",605,"Dwight Powell","C",NA,30,"DAL",82,0.671,0.351,0.703,0.783,2.1,2.8,1.2,0.5,0.5,8.7,19.45,1594.9
"458",606,"Myles Powell","PG",NA,24,"PHI",11,0.294,0.167,0.364,1,0.1,0.5,0.3,0.1,0,1.2,2.715,29.865
"459",607,"Norman Powell","SF","SG",28,"TOT",45,0.461,0.419,0.491,0.811,0.4,2.8,2.1,0.9,0.5,19,30.605,1377.225
"460",610,"Joshua Primo","SG",NA,19,"SAS",50,0.374,0.307,0.444,0.746,0.6,1.6,1.6,0.4,0.5,5.8,13.69,684.5
"461",611,"Taurean Prince","PF",NA,27,"MIN",69,0.454,0.376,0.565,0.756,0.4,2.1,1,0.7,0.3,7.3,14.58,1006.02
"462",612,"Payton Pritchard","SG",NA,24,"BOS",71,0.429,0.412,0.461,1,0.5,1.4,2,0.4,0.1,6.2,13.495,958.145
"463",613,"Trevelin Queen","SG",NA,24,"HOU",10,0.455,0.375,0.667,1,0.7,0.9,0.4,0.5,0.1,4.3,8.415,84.15
"464",614,"Neemias Queta","C",NA,22,"SAC",14,0.447,0,0.447,0.647,1,1.2,0.4,0.1,0.6,3.2,8.43,118.02
"465",615,"Immanuel Quickley","PG",NA,22,"NYK",78,0.392,0.346,0.448,0.881,0.4,2.8,3.5,0.7,0,11.3,23.46,1829.88
"466",616,"Jahmi'us Ramsey","SG",NA,20,"SAC",19,0.414,0.278,0.475,0.5,0.2,0.5,0.4,0.1,0.1,3.2,5.375,102.125
"467",617,"Julius Randle","PF",NA,27,"NYK",72,0.411,0.308,0.458,0.756,1.7,8.2,5.1,0.7,0.5,20.1,44.745,3221.64
"468",618,"Austin Reaves","SG",NA,23,"LAL",61,0.459,0.317,0.616,0.839,0.7,2.4,1.8,0.5,0.3,7.3,16.38,999.18
"469",619,"Cam Reddish","SF",NA,22,"TOT",49,0.404,0.359,0.442,0.902,0.5,1.6,1,1,0.3,10.1,17.67,865.83
"470",622,"Davon Reed","SG",NA,26,"DEN",48,0.503,0.43,0.587,0.667,0.3,2,1.1,0.5,0.2,4.4,10.83,519.84
"471",623,"Paul Reed","C",NA,22,"PHI",38,0.563,0.25,0.591,0.429,1.2,1.3,0.4,0.9,0.4,3.1,9.79,372.02
"472",624,"Naz Reid","C",NA,22,"MIN",77,0.489,0.343,0.568,0.765,1.3,2.6,0.9,0.5,0.9,8.3,18.245,1404.865
"473",625,"Nick Richards","C",NA,24,"CHO",50,0.667,0,0.667,0.698,0.7,1,0.3,0.2,0.4,3,7.13,356.5
"474",626,"Josh Richardson","SG",NA,28,"TOT",65,0.438,0.415,0.458,0.889,0.6,2.2,1.8,0.9,0.4,10.2,20.12,1307.8
"475",629,"Austin Rivers","SG",NA,29,"DEN",67,0.417,0.342,0.563,0.727,0.3,1.4,1.3,0.8,0.1,6,12.54,840.18
"476",630,"Duncan Robinson","SG",NA,27,"MIA",79,0.399,0.372,0.569,0.836,0.3,2.3,1.6,0.5,0.2,10.9,18.925,1495.075
"477",631,"Justin Robinson","PG",NA,24,"TOT",25,0.301,0.295,0.313,0.5,0.2,0.7,1.3,0.4,0,3.1,7.515,187.875
"478",635,"Mitchell Robinson","C",NA,23,"NYK",72,0.761,0,0.761,0.486,4.1,4.5,0.5,0.8,1.8,8.5,26.25,1890
"479",636,"Jeremiah Robinson-Earl","C",NA,21,"OKC",49,0.414,0.352,0.478,0.741,1.5,4.1,1,0.6,0.3,7.5,18.265,894.985
"480",637,"Isaiah Roby","PF",NA,23,"OKC",45,0.514,0.444,0.545,0.672,1.7,3.2,1.6,0.8,0.8,10.1,22.97,1033.65
"481",638,"Rajon Rondo","PG",NA,35,"TOT",39,0.386,0.352,0.42,0.731,0.4,2.4,4.4,0.8,0.2,4.8,18.54,723.06
"482",641,"Derrick Rose","PG",NA,33,"NYK",26,0.445,0.402,0.467,0.968,0.8,2.2,4,0.8,0.5,12,26.38,685.88
"483",642,"Terrence Ross","SG",NA,30,"ORL",63,0.397,0.292,0.493,0.862,0.3,2.2,1.8,0.4,0.2,10,18.035,1136.205
"484",643,"Terry Rozier","SG",NA,27,"CHO",73,0.444,0.374,0.516,0.852,0.8,3.5,4.5,1.3,0.3,19.3,36.965,2698.445
"485",644,"Ricky Rubio","PG",NA,31,"CLE",34,0.363,0.339,0.38,0.854,0.4,3.7,6.6,1.4,0.2,13.1,34.02,1156.68
"486",645,"D'Angelo Russell","PG",NA,25,"MIN",65,0.411,0.34,0.492,0.825,0.4,2.9,7.1,1,0.3,18.1,38.725,2517.125
"487",646,"Matt Ryan","SF",NA,24,"BOS",1,0.2,0.2,0,0,0,0,0,1,0,3,5.15,5.15
"488",647,"Domantas Sabonis","C","PF",25,"TOT",62,0.573,0.312,0.623,0.741,3.2,8.9,5.2,1,0.4,18.9,46.7,2895.4
"489",650,"Olivier Sarr","C",NA,22,"OKC",22,0.574,0.448,0.625,0.828,1.5,2.7,0.9,0.3,0.7,7,16.345,359.59
"490",651,"Tomá Satoransk?","SG",NA,30,"TOT",55,0.377,0.208,0.442,0.796,0.5,1.8,3.3,0.5,0.1,3.6,13.83,760.65
"491",655,"Jordan Schakel","SG",NA,23,"WAS",4,0.091,0.167,0,1,0.5,1.5,0,0.3,0,1.3,4.315,17.26
"492",656,"Admiral Schofield","SF",NA,24,"ORL",38,0.419,0.329,0.56,0.8,0.4,1.9,0.7,0.1,0.1,3.8,8.42,319.96
"493",657,"Dennis Schröder","SG","PG",28,"TOT",64,0.431,0.344,0.477,0.853,0.5,2.8,4.6,0.8,0.1,13.5,28.38,1816.32
"494",660,"Tre Scott","SF",NA,25,"CLE",2,0.5,0,0.6,0,0.5,0.5,0,0.5,0.5,3,6.6,13.2
"495",661,"Jay Scrubb","SG",NA,21,"LAC",18,0.391,0.286,0.48,0.7,0.1,0.8,0.4,0.2,0.2,2.7,5.52,99.36
"496",662,"Wayne Selden","SG",NA,27,"NYK",3,0.25,0.5,0,0.5,0,0.3,0.3,0,0,1.7,2.685,8.055
"497",663,"Alperen Þengün","C",NA,19,"HOU",72,0.474,0.248,0.539,0.711,1.9,3.5,2.6,0.8,0.9,9.6,25.14,1810.08
"498",664,"Collin Sexton","SG",NA,23,"CLE",11,0.45,0.244,0.538,0.744,1.2,2.1,2.1,0.9,0,16,26.4,290.4
"499",665,"Landry Shamet","SG",NA,24,"PHO",69,0.394,0.368,0.45,0.84,0.2,1.6,1.6,0.4,0.1,8.3,14.815,1022.235
"500",666,"Day'Ron Sharpe","PF",NA,20,"BRK",32,0.577,0.286,0.592,0.585,2.5,2.5,0.5,0.3,0.5,6.2,15.285,489.12
"501",667,"Pascal Siakam","PF",NA,27,"TOR",68,0.494,0.344,0.527,0.749,1.9,6.6,5.3,1.3,0.6,22.8,47.81,3251.08
"502",668,"Chris Silva","PF",NA,25,"TOT",10,0.533,0,0.533,0.833,1.3,2.3,0.7,0,0.1,2.6,8.545,85.45
"503",671,"Marko Simonovic","C",NA,22,"CHI",9,0.267,0.2,0.3,0.727,0.6,0.6,0,0.1,0.1,1.9,3.885,34.965
"504",672,"Anfernee Simons","SG",NA,22,"POR",57,0.443,0.405,0.49,0.888,0.5,2.2,3.9,0.5,0.1,17.3,29.785,1697.745
"505",673,"Zavier Simpson","PG",NA,24,"OKC",4,0.365,0.125,0.409,1,0.5,4.8,7.5,1.3,1,11,36.67,146.68
"506",674,"Jericho Sims","PF",NA,23,"NYK",41,0.722,0,0.722,0.414,1.5,2.6,0.5,0.3,0.5,2.2,9.95,407.95
"507",675,"Deividas Sirvydis","SG",NA,21,"DET",3,0.1,0.143,0,0,0,2,0.3,1,0.3,1,6.655,19.965
"508",676,"Javonte Smart","PG",NA,22,"TOT",17,0.317,0.296,0.333,0.833,0.3,1.1,0.9,0.4,0.2,3,7.755,131.835
"509",679,"Marcus Smart","PG",NA,27,"BOS",71,0.418,0.331,0.506,0.793,0.6,3.2,5.9,1.7,0.3,12.1,32.2,2286.2
"510",680,"Dennis Smith Jr.","PG",NA,24,"POR",37,0.418,0.222,0.451,0.656,0.5,1.8,3.6,1.2,0.3,5.6,18.385,680.245
"511",681,"Ish Smith","PG",NA,33,"TOT",65,0.43,0.373,0.441,0.625,0.4,1.8,3.8,0.7,0.4,6.3,18.615,1209.975
"512",684,"Jalen Smith","PF",NA,21,"TOT",51,0.503,0.328,0.596,0.765,2,4,0.5,0.3,0.8,9.2,20.285,1034.535
"513",687,"Xavier Sneed","SF",NA,24,"TOT",9,0.2,0.125,0.5,0,0.2,0.4,0.1,0,0,0.6,1.525,13.725
"514",690,"Tony Snell","SG",NA,30,"TOT",53,0.404,0.352,0.558,1,0.3,1.6,0.5,0.3,0.2,3.5,7.915,419.495
"515",693,"Jaden Springer","SG",NA,19,"PHI",2,1,0,1,0,0.5,0.5,0,0,1,1,4.75,9.5
"516",694,"Cassius Stanley","SG",NA,22,"DET",9,0.413,0.235,0.517,1,0.6,1.6,0.4,0.6,0.2,5.8,11.12,100.08
"517",695,"Nik Stauskas","SG",NA,28,"TOT",8,0.357,0.4,0.25,0.667,0.1,0.3,0.3,0,0,2.3,3.44,27.52
"518",698,"Lance Stephenson","SG","SF",31,"TOT",46,0.455,0.3,0.515,0.788,0.3,2.5,3.6,0.5,0.1,8.3,19.875,914.25
"519",701,"Lamar Stevens","PF",NA,24,"CLE",63,0.489,0.277,0.543,0.707,0.7,1.9,0.7,0.5,0.3,6.1,12.51,788.13
"520",702,"Isaiah Stewart","C",NA,20,"DET",71,0.51,0.326,0.529,0.718,3.2,5.5,1.2,0.3,1.1,8.3,24.61,1747.31
"521",703,"Max Strus","SF",NA,25,"MIA",68,0.441,0.41,0.557,0.792,0.4,2.6,1.4,0.4,0.2,10.6,18.51,1258.68
"522",704,"Jalen Suggs","PG",NA,20,"ORL",48,0.361,0.214,0.443,0.773,0.5,3,4.4,1.2,0.4,11.8,28.005,1344.24
"523",705,"Craig Sword","SG",NA,28,"WAS",3,0.75,0,1,0,0,0,0.3,1.3,0,2,5.255,15.765
"524",706,"Keifer Sykes","PG",NA,28,"IND",32,0.363,0.3,0.42,0.882,0.3,1.2,1.9,0.4,0.1,5.6,12.2,390.4
"525",707,"Jae'Sean Tate","SF",NA,26,"HOU",78,0.498,0.312,0.569,0.707,1.7,3.7,2.8,0.9,0.5,11.8,27,2106
"526",708,"Jayson Tatum","SF",NA,23,"BOS",76,0.453,0.353,0.524,0.853,1.1,6.9,4.4,1,0.6,26.9,49.195,3738.82
"527",709,"Terry Taylor","SG",NA,22,"IND",33,0.614,0.316,0.676,0.706,2.9,2.3,1.2,0.4,0.2,9.6,19.87,655.71
"528",710,"Garrett Temple","SG",NA,35,"NOP",59,0.376,0.319,0.473,0.683,0.5,1.9,1.3,0.7,0.4,5.2,13.075,771.425
"529",711,"Emanuel Terry","PF",NA,25,"PHO",3,0,0,0,0,2.7,2.3,0.7,0.3,0,0,7.915,23.745
"530",712,"Tyrell Terry","PG",NA,21,"MEM",2,1,0,1,0,0,0,0,0,0,1,1.05,2.1
"531",713,"Jon Teske","C",NA,24,"MEM",3,0,0,0,0,0,0.7,0.3,0.3,0,0,1.96,5.88
"532",714,"Daniel Theis","C",NA,29,"TOT",47,0.519,0.308,0.641,0.681,1.3,3.6,0.9,0.4,0.7,8.2,18.59,873.73
"533",717,"Brodric Thomas","SG",NA,25,"BOS",12,0.444,0.222,0.667,0.6,0.2,0.7,0.9,0.1,0.1,1.8,5.06,60.72
"534",718,"Cam Thomas","SG",NA,20,"BRK",67,0.433,0.27,0.52,0.829,0.2,2.2,1.2,0.5,0.1,8.5,15.175,1016.725
"535",719,"Isaiah Thomas","PG",NA,32,"TOT",22,0.401,0.337,0.464,0.846,0.2,1.1,1.5,0.3,0.2,8.4,14.21,312.62
"536",723,"Matt Thomas","SG",NA,27,"CHI",40,0.41,0.385,0.465,0.8,0.1,1.2,0.5,0.2,0.1,4,7.28,291.2
"537",724,"Klay Thompson","SG",NA,31,"GSW",32,0.429,0.385,0.477,0.902,0.5,3.4,2.8,0.5,0.5,20.4,33.385,1068.32
"538",725,"Tristan Thompson","PF",NA,30,"TOT",57,0.528,0.333,0.53,0.526,2.1,2.9,0.6,0.4,0.4,6,15.17,864.69
"539",729,"JT Thor","PF",NA,19,"CHO",33,0.436,0.259,0.607,0.6,0.3,1,0.6,0.2,0.3,2,5.885,194.205
"540",730,"Matisse Thybulle","SG",NA,24,"PHI",66,0.5,0.313,0.673,0.791,0.6,1.7,1.1,1.7,1.1,5.7,16.875,1113.75
"541",731,"Killian Tillie","C",NA,23,"MEM",36,0.339,0.314,0.39,0.625,0.6,1.1,0.6,0.6,0.4,3.3,8.79,316.44
"542",732,"Xavier Tillman Sr.","PF",NA,23,"MEM",53,0.454,0.204,0.527,0.648,1.2,1.8,1.2,0.9,0.3,4.8,13.38,709.14
"543",733,"Isaiah Todd","PF",NA,20,"WAS",12,0.269,0.25,0.3,0.333,0.3,0.8,0.3,0.3,0.2,1.7,4.735,56.82
"544",734,"Obi Toppin","PF",NA,23,"NYK",72,0.531,0.308,0.655,0.758,1,2.8,1.1,0.3,0.5,9,17.805,1281.96
"545",735,"Juan Toscano-Anderson","SF",NA,28,"GSW",73,0.489,0.322,0.588,0.571,0.4,2,1.7,0.7,0.2,4.1,12.15,886.95
"546",736,"Karl-Anthony Towns","C",NA,26,"MIN",74,0.529,0.41,0.58,0.822,2.6,7.2,3.6,1,1.1,24.6,48.77,3608.98
"547",737,"Gary Trent Jr.","SG",NA,23,"TOR",70,0.414,0.383,0.445,0.853,0.4,2.4,2,1.7,0.3,18.3,30.325,2122.75
"548",738,"P.J. Tucker","PF",NA,36,"MIA",71,0.484,0.415,0.54,0.738,1.4,4,2.1,0.8,0.2,7.6,20.315,1442.365
"549",739,"Rayjon Tucker","SG",NA,24,"TOT",5,0.667,0.8,0.5,0.714,0.6,1,2,0.8,0,4.2,11.61,58.05
"550",742,"Myles Turner","C",NA,25,"IND",42,0.509,0.333,0.662,0.752,1.5,5.5,1,0.7,2.8,12.9,31.995,1343.79
"551",743,"Jonas Valan?i?nas","C",NA,29,"NOP",74,0.544,0.361,0.581,0.82,3.1,8.3,2.6,0.6,0.8,17.8,40.12,2968.88
"552",744,"Denzel Valentine","SG",NA,28,"TOT",24,0.379,0.404,0.316,0,0.4,1.4,0.5,0.3,0,2.9,6.68,160.32
"553",747,"Jarred Vanderbilt","PF",NA,22,"MIN",74,0.587,0.143,0.605,0.656,2.9,5.5,1.3,1.3,0.6,6.9,23.7,1753.8
"554",748,"Fred VanVleet","PG",NA,27,"TOR",65,0.403,0.377,0.44,0.874,0.7,3.8,6.7,1.7,0.5,20.3,43.605,2834.325
"555",749,"Devin Vassell","SF",NA,21,"SAS",71,0.427,0.361,0.492,0.838,0.6,3.7,1.9,1.1,0.6,12.3,25.135,1784.585
"556",750,"Gabe Vincent","PG",NA,25,"MIA",68,0.417,0.368,0.5,0.815,0.3,1.5,3.1,0.9,0.2,8.7,19.27,1310.36
"557",751,"Nikola Vu?evi?","C",NA,31,"CHI",73,0.473,0.314,0.537,0.76,1.9,9.1,3.2,1,1,17.6,41.74,3047.02
"558",752,"Dean Wade","PF",NA,25,"CLE",51,0.456,0.359,0.64,0.667,0.6,2.3,1,0.6,0.1,5.3,12.26,625.26
"559",753,"Franz Wagner","SF",NA,20,"ORL",79,0.468,0.354,0.511,0.863,1.1,3.4,2.9,0.9,0.4,15.2,29.41,2323.39
"560",754,"Moritz Wagner","C",NA,24,"ORL",63,0.497,0.328,0.672,0.806,0.7,3,1.4,0.3,0.2,9,17.465,1100.295
"561",755,"Ish Wainright","PF",NA,27,"PHO",45,0.394,0.322,0.489,0.583,0.6,0.6,0.3,0.4,0.1,2.4,5.565,250.425
"562",756,"Kemba Walker","PG",NA,31,"NYK",37,0.403,0.367,0.444,0.845,0.4,2.6,3.5,0.7,0.2,11.6,24.045,889.665
"563",757,"Lonnie Walker IV","SG",NA,23,"SAS",70,0.407,0.314,0.487,0.784,0.3,2.3,2.2,0.6,0.3,12.1,21.745,1522.15
"564",758,"M.J. Walker","SG",NA,23,"PHO",2,0,0,0,0,0,0.5,0.5,1,0,0,3.5,7
"565",759,"Tyrone Wallace","SG",NA,27,"NOP",6,0.35,0.25,0.417,0.2,0,1.3,0.2,0.5,0.2,2.8,6.305,37.83
"566",760,"Derrick Walton","PG",NA,26,"DET",3,0.231,0.231,0.231,1,0.7,2.7,7,2.3,1.3,6.3,31.395,94.185
"567",761,"Brad Wanamaker","PG",NA,32,"TOT",23,0.364,0.235,0.4,0.92,0.3,1.4,2.4,0.3,0.3,3.6,11.555,265.765
"568",764,"Duane Washington Jr.","PG",NA,21,"IND",48,0.405,0.377,0.434,0.754,0.1,1.6,1.8,0.5,0.1,9.9,16.94,813.12
"569",765,"P.J. Washington","PF",NA,23,"CHO",65,0.47,0.365,0.606,0.716,1.3,3.9,2.3,0.9,0.9,10.3,25.23,1639.95
"570",766,"Yuta Watanabe","SF",NA,27,"TOR",38,0.406,0.342,0.492,0.6,0.5,1.9,0.6,0.3,0.4,4.3,10.035,381.33
"571",767,"Lindy Waters III","SG",NA,24,"OKC",25,0.406,0.363,0.621,0.8,0.2,2.7,1,0.8,0.3,8,15.955,398.875
"572",768,"Tremont Waters","PG",NA,24,"TOT",3,0.286,0.222,0.4,0,0,1.3,2.3,1.7,0,3.3,12.615,37.845
"573",771,"Trendon Watford","SF",NA,21,"POR",48,0.532,0.237,0.581,0.755,1.2,3,1.7,0.5,0.6,7.6,18.575,891.6
"574",772,"Paul Watson","SF",NA,27,"OKC",9,0.343,0.231,0.667,0.5,0.3,2.7,0.9,0.3,0.3,3.4,10.065,90.585
"575",773,"Quinndary Weatherspoon","SG",NA,25,"GSW",11,0.571,0.2,0.688,1,0.2,1.1,0.5,0.1,0.1,2.7,5.725,62.975
"576",774,"Russell Westbrook","PG",NA,33,"LAL",78,0.444,0.298,0.485,0.667,1.4,6,7.1,1,0.3,18.5,43.96,3428.88
"577",775,"Coby White","PG",NA,21,"CHI",61,0.433,0.385,0.491,0.857,0.3,2.7,2.9,0.5,0.2,12.7,23.68,1444.48
"578",776,"Derrick White","SG",NA,27,"TOT",75,0.421,0.312,0.515,0.864,0.5,3,4.9,0.9,0.8,13.2,30.8,2310
"579",779,"Hassan Whiteside","C",NA,32,"UTA",65,0.652,0,0.652,0.623,2.6,5,0.4,0.3,1.6,8.2,22.95,1491.75
"580",780,"Joe Wieskamp","SG",NA,22,"SAS",29,0.357,0.326,0.462,0.538,0.1,0.3,0.3,0.1,0.1,2.1,3.68,106.72
"581",781,"Aaron Wiggins","SG",NA,23,"OKC",50,0.463,0.304,0.573,0.729,1,2.5,1.4,0.6,0.2,8.3,17.13,856.5
"582",782,"Andrew Wiggins","SF",NA,26,"GSW",73,0.466,0.393,0.513,0.634,1.2,3.3,2.2,1,0.7,17.2,31.175,2275.775
"583",783,"Lindell Wigginton","PG",NA,23,"MIL",19,0.426,0.346,0.486,0.543,0.2,1.2,1.2,0.3,0.1,4.2,9.11,173.09
"584",784,"Brandon Williams","PG",NA,22,"POR",24,0.372,0.292,0.42,0.701,0.8,2.3,3.9,1,0.4,12.9,27.405,657.72
"585",785,"Grant Williams","PF",NA,23,"BOS",77,0.475,0.411,0.569,0.905,0.8,2.7,1,0.5,0.7,7.8,16.895,1300.915
"586",786,"Kenrich Williams","SF",NA,27,"OKC",49,0.461,0.339,0.536,0.545,1.5,3,2.2,0.9,0.2,7.4,19.465,953.785
"587",787,"Lou Williams","PG",NA,35,"ATL",56,0.391,0.363,0.404,0.859,0.3,1.3,1.9,0.5,0.1,6.3,13.25,742
"588",788,"Patrick Williams","PF",NA,20,"CHI",17,0.529,0.517,0.534,0.732,1,3.1,0.9,0.5,0.5,9,18.18,309.06
"589",789,"Robert Williams","C",NA,24,"BOS",61,0.736,0,0.738,0.722,3.9,5.7,2,0.9,2.2,10,32.93,2008.73
"590",790,"Ziaire Williams","SF",NA,20,"MEM",62,0.45,0.314,0.632,0.782,0.4,1.7,1,0.6,0.2,8.1,14.51,899.62
"591",791,"D.J. Wilson","PF",NA,25,"TOR",4,0.733,0,0.846,0.8,0.3,3.8,1.3,1.3,0.3,7.5,18.375,73.5
"592",792,"Dylan Windler","SF",NA,25,"CLE",50,0.378,0.3,0.571,0.833,0.4,1.4,0.7,0.3,0.1,2.2,6.565,328.25
"593",793,"Justise Winslow","SF",NA,25,"TOT",48,0.428,0.227,0.497,0.591,1,3.2,1.8,0.7,0.5,5.7,16.895,810.96
"594",796,"Cassius Winston","PG",NA,23,"WAS",7,0.364,0.333,0.4,1,0,0.1,1,0,0,2,4.065,28.455
"595",797,"Christian Wood","C",NA,26,"HOU",68,0.501,0.39,0.57,0.623,1.6,8.5,2.3,0.8,1,17.9,38.925,2646.9
"596",798,"Robert Woodard II","SF",NA,22,"SAC",12,0.125,0.25,0.083,1,0.4,0.5,0.3,0.1,0.1,0.6,2.71,32.52
"597",799,"Delon Wright","SG",NA,29,"ATL",77,0.454,0.379,0.51,0.857,0.6,2.2,2.4,1.2,0.2,4.4,15.24,1173.48
"598",800,"McKinley Wright IV","PG",NA,23,"MIN",5,0.667,0.5,1,0,0,0,0.6,0,0,1,2.16,10.8
"599",801,"Moses Wright","PF",NA,23,"TOT",4,0.25,0,0.333,1,0.3,0.5,0.5,0,0.3,1.3,3.99,15.96
"600",804,"Gabe York","SG",NA,28,"IND",2,0.286,0.167,1,0.6,0,1,2,1,0.5,4,12.3,24.6
"601",805,"Thaddeus Young","PF",NA,33,"TOT",52,0.518,0.354,0.554,0.469,1.5,2.5,2,1,0.3,6.2,17.71,920.92
"602",808,"Trae Young","PG",NA,23,"ATL",76,0.46,0.382,0.512,0.904,0.7,3.1,9.7,0.9,0.1,28.4,54.255,4123.38
"603",809,"Omer Yurtseven","C",NA,23,"MIA",56,0.526,0.091,0.547,0.623,1.5,3.7,0.9,0.3,0.4,5.3,14.96,837.76
"604",810,"Cody Zeller","C",NA,29,"POR",27,0.567,0,0.593,0.776,1.9,2.8,0.8,0.3,0.2,5.2,13.635,368.145
"605",811,"Ivica Zubac","C",NA,24,"LAC",76,0.626,0,0.626,0.727,2.9,5.6,1.6,0.5,1,10.3,27.34,2077.84
